"L","reps","coverage_all","coverage_frontier","coverage_interior","median_width","coverage_group_means"
50,200,0.9433,0.956509587247977,0.937443268730354,0.0604411034418491,0.95
100,200,0.9701,0.979647277844043,0.966397028734313,0.0317156037187259,0.9775
