"dgp","L","m","kappa","seed","available","cond","delivered","avail_top","avail_rest","frontier","interior","width","groups"
"affine",50,15,0.666666666666667,50001,0.96,1,0.96,0.6,1,1,1,0.0420149583572704,1
"affine",50,15,0.666666666666667,50002,0.98,0.836734693877551,0.82,0.8,1,0.866666666666667,0.823529411764706,0.0519682487909299,1
"affine",50,15,0.666666666666667,50003,0.96,1,0.96,0.6,1,1,1,0.0502918902848171,1
"affine",50,15,0.666666666666667,50004,0.98,0.979591836734694,0.96,0.8,1,1,0.96875,0.0529906499869094,1
"affine",50,15,0.666666666666667,50005,0.96,1,0.96,0.6,1,1,1,0.0497500092015218,1
"affine",50,15,0.666666666666667,50006,0.96,0.895833333333333,0.86,0.6,1,1,0.838709677419355,0.0438636362070366,0.5
"affine",50,15,0.666666666666667,50007,0.96,1,0.96,0.6,1,1,1,0.0892354881781283,1
"affine",50,15,0.666666666666667,50008,0.96,1,0.96,0.6,1,1,1,0.0853263501017792,1
"affine",50,15,0.666666666666667,50009,0.98,1,0.98,0.8,1,1,1,0.0748779181116026,1
"affine",50,15,0.666666666666667,50010,0.98,1,0.98,0.8,1,1,1,0.078354286108384,1
"affine",50,15,0.666666666666667,50011,0.96,1,0.96,0.6,1,1,1,0.0699920702377016,1
"affine",50,15,0.666666666666667,50012,0.98,0.979591836734694,0.96,0.8,1,1,0.966666666666667,0.0430464734599139,1
"affine",50,15,0.666666666666667,50013,0.96,0.958333333333333,0.92,0.6,1,0.875,1,0.0627638286301744,1
"affine",50,15,0.666666666666667,50014,0.98,0.857142857142857,0.84,0.8,1,0.785714285714286,0.885714285714286,0.0607795437344577,0.5
"affine",50,15,0.666666666666667,50015,0.98,0.979591836734694,0.96,0.8,1,1,0.967741935483871,0.0516255972040008,0.5
"affine",50,15,0.666666666666667,50016,0.98,1,0.98,0.8,1,1,1,0.0592280175820624,1
"affine",50,15,0.666666666666667,50017,0.96,1,0.96,0.6,1,1,1,0.103491553814834,1
"affine",50,15,0.666666666666667,50018,0.96,1,0.96,0.6,1,1,1,0.0833838286096731,1
"affine",50,15,0.666666666666667,50019,0.96,1,0.96,0.6,1,1,1,0.0558254584774735,1
"affine",50,15,0.666666666666667,50020,0.98,1,0.98,0.8,1,1,1,0.0859964717011177,1
"affine",50,15,0.666666666666667,50021,0.96,1,0.96,0.6,1,1,1,0.0616091866862521,1
"affine",50,15,0.666666666666667,50022,0.98,1,0.98,0.8,1,1,1,0.068284377670655,1
"affine",50,15,0.666666666666667,50023,0.98,1,0.98,0.8,1,1,1,0.0586557331923234,1
"affine",50,15,0.666666666666667,50024,0.98,0.979591836734694,0.96,0.8,1,1,0.962962962962963,0.0403878053203723,1
"affine",50,15,0.666666666666667,50025,0.96,1,0.96,0.6,1,1,1,0.0660452110410918,0.5
"affine",50,15,0.666666666666667,50026,0.98,1,0.98,0.8,1,1,1,0.0758328247030166,1
"affine",50,15,0.666666666666667,50027,0.96,1,0.96,0.6,1,1,1,0.043585142110715,1
"affine",50,15,0.666666666666667,50028,0.98,1,0.98,0.8,1,1,1,0.0700632957498779,1
"affine",50,15,0.666666666666667,50029,0.98,1,0.98,0.8,1,1,1,0.0461236636427489,1
"affine",50,15,0.666666666666667,50030,0.98,0.938775510204082,0.92,0.8,1,1,0.896551724137931,0.0514791891601756,1
"affine",50,15,0.666666666666667,50031,0.96,1,0.96,0.6,1,1,1,0.101920609331734,1
"affine",50,15,0.666666666666667,50032,0.98,1,0.98,0.8,1,1,1,0.0723881349732285,1
"affine",50,15,0.666666666666667,50033,0.98,0.897959183673469,0.88,0.8,1,1,0.84375,0.0430042252292917,0.5
"affine",50,15,0.666666666666667,50034,0.98,0.979591836734694,0.96,0.8,1,0.9,1,0.0591674379506738,1
"affine",50,15,0.666666666666667,50035,0.98,0.959183673469388,0.94,0.8,1,1,0.944444444444444,0.0563937733118477,1
"affine",50,15,0.666666666666667,50036,0.98,1,0.98,0.8,1,1,1,0.0618770036351401,1
"affine",50,15,0.666666666666667,50037,0.98,1,0.98,0.8,1,1,1,0.0543650931005186,1
"affine",50,15,0.666666666666667,50038,0.98,0.877551020408163,0.86,0.8,1,0.866666666666667,0.882352941176471,0.0495876981289808,1
"affine",50,15,0.666666666666667,50039,0.96,0.979166666666667,0.94,0.6,1,1,0.958333333333333,0.0555768046896934,1
"affine",50,15,0.666666666666667,50040,0.98,0.979591836734694,0.96,0.8,1,1,0.972222222222222,0.0670569731380161,1
"affine",50,15,0.666666666666667,50041,0.98,1,0.98,0.8,1,1,1,0.0509960889740875,1
"affine",50,15,0.666666666666667,50042,0.98,0.979591836734694,0.96,0.8,1,1,0.970588235294118,0.0585180811348529,1
"affine",50,15,0.666666666666667,50043,0.98,0.857142857142857,0.84,0.8,1,0.833333333333333,0.864864864864865,0.0556757229994563,1
"affine",50,15,0.666666666666667,50044,0.96,0.958333333333333,0.92,0.6,1,1,0.923076923076923,0.0418994986084892,1
"affine",50,15,0.666666666666667,50045,0.98,1,0.98,0.8,1,1,1,0.0307728649940859,1
"affine",50,15,0.666666666666667,50046,0.98,0.673469387755102,0.66,0.8,1,0.611111111111111,0.709677419354839,0.0468308217385123,1
"affine",50,15,0.666666666666667,50047,0.96,1,0.96,0.6,1,1,1,0.0380309540104948,1
"affine",50,15,0.666666666666667,50048,0.98,0.979591836734694,0.96,0.8,1,1,0.975,0.0874030973721802,1
"affine",50,15,0.666666666666667,50049,0.96,1,0.96,0.6,1,1,1,0.0517733385821016,1
"affine",50,15,0.666666666666667,50050,0.98,0.979591836734694,0.96,0.8,1,0.888888888888889,1,0.0445961406527515,1
"affine",50,15,0.666666666666667,50051,0.98,0.938775510204082,0.92,0.8,1,1,0.9,0.0352364111907956,1
"affine",50,15,0.666666666666667,50052,0.98,1,0.98,0.8,1,1,1,0.0515864224021187,1
"affine",50,15,0.666666666666667,50053,0.98,1,0.98,0.8,1,1,1,0.07830611631075,1
"affine",50,15,0.666666666666667,50054,0.98,0.755102040816326,0.74,0.8,1,0.733333333333333,0.764705882352941,0.03344665568111,1
"affine",50,15,0.666666666666667,50055,0.98,1,0.98,0.8,1,1,1,0.0529136698741082,1
"affine",50,15,0.666666666666667,50056,0.98,1,0.98,0.8,1,1,1,0.0696136013807622,1
"affine",50,15,0.666666666666667,50057,0.96,1,0.96,0.6,1,1,1,0.0660821603250079,1
"affine",50,15,0.666666666666667,50058,0.96,1,0.96,0.6,1,1,1,0.0589016218443755,1
"affine",50,15,0.666666666666667,50059,0.96,0.6875,0.66,0.6,1,0.909090909090909,0.621621621621622,0.0478050341842581,0.5
"affine",50,15,0.666666666666667,50060,0.96,0.979166666666667,0.94,0.6,1,1,0.96551724137931,0.0411715626130451,1
"affine",50,15,0.666666666666667,50061,0.96,1,0.96,0.6,1,1,1,0.0504008878506745,1
"affine",50,15,0.666666666666667,50062,0.96,1,0.96,0.6,1,1,1,0.0616019949123618,1
"affine",50,15,0.666666666666667,50063,0.98,1,0.98,0.8,1,1,1,0.0378898791848786,1
"affine",50,15,0.666666666666667,50064,0.96,0.979166666666667,0.94,0.6,1,1,0.970588235294118,0.0696183768481094,1
"affine",50,15,0.666666666666667,50065,0.96,1,0.96,0.6,1,1,1,0.0622391468169051,1
"affine",50,15,0.666666666666667,50066,0.96,1,0.96,0.6,1,1,1,0.0390189276303547,1
"affine",50,15,0.666666666666667,50067,0.96,0.979166666666667,0.94,0.6,1,1,0.972972972972973,0.0660380494530629,0.5
"affine",50,15,0.666666666666667,50068,0.98,0.795918367346939,0.78,0.8,1,1,0.772727272727273,0.0590643956401804,0.5
"affine",50,15,0.666666666666667,50069,0.96,1,0.96,0.6,1,1,1,0.0839675541423601,1
"affine",50,15,0.666666666666667,50070,0.96,1,0.96,0.6,1,1,1,0.0713132057045774,1
"affine",50,15,0.666666666666667,50071,0.96,1,0.96,0.6,1,1,1,0.069563674334311,1
"affine",50,15,0.666666666666667,50072,0.98,1,0.98,0.8,1,1,1,0.0500886511957928,1
"affine",50,15,0.666666666666667,50073,0.98,0.877551020408163,0.86,0.8,1,1,0.8125,0.0502916580032854,0.5
"affine",50,15,0.666666666666667,50074,0.98,1,0.98,0.8,1,1,1,0.0672714585648501,1
"affine",50,15,0.666666666666667,50075,0.98,0.979591836734694,0.96,0.8,1,1,0.971428571428571,0.0697484935128455,1
"affine",50,15,0.666666666666667,50076,0.96,0.958333333333333,0.92,0.6,1,1,0.9375,0.059845040311185,1
"affine",50,15,0.666666666666667,50077,0.96,1,0.96,0.6,1,1,1,0.0888966069521658,1
"affine",50,15,0.666666666666667,50078,0.98,0.959183673469388,0.94,0.8,1,1,0.933333333333333,0.0617178371972769,1
"affine",50,15,0.666666666666667,50079,0.96,1,0.96,0.6,1,1,1,0.0668913410145244,1
"affine",50,15,0.666666666666667,50080,0.96,0.979166666666667,0.94,0.6,1,1,0.973684210526316,0.108643834566162,1
"affine",50,15,0.666666666666667,50081,0.98,1,0.98,0.8,1,1,1,0.0728917488663635,1
"affine",50,15,0.666666666666667,50082,0.96,1,0.96,0.6,1,1,1,0.0574456910713494,1
"affine",50,15,0.666666666666667,50083,0.98,0.979591836734694,0.96,0.8,1,1,0.967741935483871,0.0401939436346679,1
"affine",50,15,0.666666666666667,50084,0.98,0.938775510204082,0.92,0.8,1,1,0.923076923076923,0.0707973561087087,1
"affine",50,15,0.666666666666667,50085,0.96,1,0.96,0.6,1,1,1,0.068471983836105,1
"affine",50,15,0.666666666666667,50086,0.98,0.979591836734694,0.96,0.8,1,1,0.972222222222222,0.0591493101325398,0.5
"affine",50,15,0.666666666666667,50087,0.98,1,0.98,0.8,1,1,1,0.076410404022173,1
"affine",50,15,0.666666666666667,50088,0.96,1,0.96,0.6,1,1,1,0.0879277859764206,1
"affine",50,15,0.666666666666667,50089,0.96,1,0.96,0.6,1,1,1,0.0858452155969863,1
"affine",50,15,0.666666666666667,50090,0.96,1,0.96,0.6,1,1,1,0.0780351081122357,1
"affine",50,15,0.666666666666667,50091,0.98,1,0.98,0.8,1,1,1,0.0438994749206383,1
"affine",50,15,0.666666666666667,50092,0.98,1,0.98,0.8,1,1,1,0.0457365461229599,1
"affine",50,15,0.666666666666667,50093,0.98,0.959183673469388,0.94,0.8,1,1,0.939393939393939,0.0453116846280497,1
"affine",50,15,0.666666666666667,50094,0.98,0.979591836734694,0.96,0.8,1,1,0.972222222222222,0.0727361844895643,1
"affine",50,15,0.666666666666667,50095,0.96,1,0.96,0.6,1,1,1,0.0759161262204652,1
"affine",50,15,0.666666666666667,50096,0.98,1,0.98,0.8,1,1,1,0.0593951510194186,1
"affine",50,15,0.666666666666667,50097,0.98,1,0.98,0.8,1,1,1,0.0678771903003715,1
"affine",50,15,0.666666666666667,50098,0.98,1,0.98,0.8,1,1,1,0.06896794634899,1
"affine",50,15,0.666666666666667,50099,0.98,0.979591836734694,0.96,0.8,1,1,0.96551724137931,0.0313467148688903,1
"affine",50,15,0.666666666666667,50100,0.96,1,0.96,0.6,1,1,1,0.0707069057374116,1
"affine",50,15,0.666666666666667,50101,0.98,0.979591836734694,0.96,0.8,1,1,0.96875,0.0570129153449336,1
"affine",50,15,0.666666666666667,50102,0.98,0.979591836734694,0.96,0.8,1,1,0.972972972972973,0.0690211712124857,1
"affine",50,15,0.666666666666667,50103,0.98,1,0.98,0.8,1,1,1,0.0899477147895004,1
"affine",50,15,0.666666666666667,50104,0.96,1,0.96,0.6,1,1,1,0.0766942691857979,1
"affine",50,15,0.666666666666667,50105,0.98,0.979591836734694,0.96,0.8,1,0.923076923076923,1,0.0573110636711925,1
"affine",50,15,0.666666666666667,50106,0.96,1,0.96,0.6,1,1,1,0.0584245172081515,1
"affine",50,15,0.666666666666667,50107,0.98,0.816326530612245,0.8,0.8,1,0.714285714285714,0.857142857142857,0.0473208930621303,1
"affine",50,15,0.666666666666667,50108,0.98,1,0.98,0.8,1,1,1,0.0507614264155093,1
"affine",50,15,0.666666666666667,50109,0.98,1,0.98,0.8,1,1,1,0.0546761753615949,1
"affine",50,15,0.666666666666667,50110,0.98,0.755102040816326,0.74,0.8,1,0.625,0.818181818181818,0.0377850516801489,1
"affine",50,15,0.666666666666667,50111,0.96,1,0.96,0.6,1,1,1,0.0575185506565722,1
"affine",50,15,0.666666666666667,50112,0.98,1,0.98,0.8,1,1,1,0.0739572720136925,1
"affine",50,15,0.666666666666667,50113,0.98,1,0.98,0.8,1,1,1,0.0552751376076273,1
"affine",50,15,0.666666666666667,50114,0.98,0.979591836734694,0.96,0.8,1,1,0.96875,0.0336283297991389,1
"affine",50,15,0.666666666666667,50115,0.98,0.959183673469388,0.94,0.8,1,1,0.945945945945946,0.0693937746765694,1
"affine",50,15,0.666666666666667,50116,0.96,0.979166666666667,0.94,0.6,1,1,0.972222222222222,0.0477638596020843,1
"affine",50,15,0.666666666666667,50117,0.98,1,0.98,0.8,1,1,1,0.111380923232687,1
"affine",50,15,0.666666666666667,50118,0.98,1,0.98,0.8,1,1,1,0.0774741369978423,1
"affine",50,15,0.666666666666667,50119,0.96,1,0.96,0.6,1,1,1,0.0696028876981589,1
"affine",50,15,0.666666666666667,50120,0.96,1,0.96,0.6,1,1,1,0.0683235821317702,1
"affine",50,15,0.666666666666667,50121,0.98,0.959183673469388,0.94,0.8,1,1,0.941176470588235,0.0573944374969579,1
"affine",50,15,0.666666666666667,50122,0.96,1,0.96,0.6,1,1,1,0.0606533614122269,1
"affine",50,15,0.666666666666667,50123,0.98,1,0.98,0.8,1,1,1,0.0536496442351254,1
"affine",50,15,0.666666666666667,50124,0.98,0.877551020408163,0.86,0.8,1,1,0.818181818181818,0.0427897425230879,0.5
"affine",50,15,0.666666666666667,50125,0.98,0.979591836734694,0.96,0.8,1,1,0.964285714285714,0.0540322392254872,1
"affine",50,15,0.666666666666667,50126,0.98,1,0.98,0.8,1,1,1,0.0839466137327463,1
"affine",50,15,0.666666666666667,50127,0.96,1,0.96,0.6,1,1,1,0.0793340656035917,1
"affine",50,15,0.666666666666667,50128,0.96,0.916666666666667,0.88,0.6,1,1,0.866666666666667,0.0353679741427187,0.5
"affine",50,15,0.666666666666667,50129,0.96,1,0.96,0.6,1,1,1,0.0728518594216608,1
"affine",50,15,0.666666666666667,50130,0.98,0.959183673469388,0.94,0.8,1,0.9,1,0.0528478968024323,1
"affine",50,15,0.666666666666667,50131,0.98,0.897959183673469,0.88,0.8,1,1,0.857142857142857,0.0528918722980445,1
"affine",50,15,0.666666666666667,50132,0.98,0.938775510204082,0.92,0.8,1,0.894736842105263,0.966666666666667,0.0589002940421175,1
"affine",50,15,0.666666666666667,50133,0.96,0.958333333333333,0.92,0.6,1,1,0.939393939393939,0.0551867481783436,1
"affine",50,15,0.666666666666667,50134,0.98,0.938775510204082,0.92,0.8,1,1,0.896551724137931,0.0608075749966892,1
"affine",50,15,0.666666666666667,50135,0.96,1,0.96,0.6,1,1,1,0.0683536852204236,1
"affine",50,15,0.666666666666667,50136,0.98,1,0.98,0.8,1,1,1,0.0429860932401038,1
"affine",50,15,0.666666666666667,50137,0.98,0.857142857142857,0.84,0.8,1,1,0.805555555555556,0.0518259625131142,1
"affine",50,15,0.666666666666667,50138,0.98,1,0.98,0.8,1,1,1,0.0866585458028569,1
"affine",50,15,0.666666666666667,50139,0.98,0.938775510204082,0.92,0.8,1,1,0.896551724137931,0.0522209404345243,1
"affine",50,15,0.666666666666667,50140,0.98,0.979591836734694,0.96,0.8,1,1,0.96969696969697,0.0517557911770568,1
"affine",50,15,0.666666666666667,50141,0.98,1,0.98,0.8,1,1,1,0.0666556462300801,1
"affine",50,15,0.666666666666667,50142,0.98,1,0.98,0.8,1,1,1,0.0551900174122064,1
"affine",50,15,0.666666666666667,50143,0.98,0.877551020408163,0.86,0.8,1,1,0.818181818181818,0.0733518771234887,0.5
"affine",50,15,0.666666666666667,50144,0.96,1,0.96,0.6,1,1,1,0.0614912540357799,1
"affine",50,15,0.666666666666667,50145,0.98,1,0.98,0.8,1,1,1,0.0526330086567101,1
"affine",50,15,0.666666666666667,50146,0.98,0.877551020408163,0.86,0.8,1,0.894736842105263,0.866666666666667,0.0453169482024632,1
"affine",50,15,0.666666666666667,50147,0.98,0.938775510204082,0.92,0.8,1,0.944444444444444,0.935483870967742,0.0281902874588668,1
"affine",50,15,0.666666666666667,50148,0.98,1,0.98,0.8,1,1,1,0.079499303025407,1
"affine",50,15,0.666666666666667,50149,0.98,0.959183673469388,0.94,0.8,1,1,0.942857142857143,0.0651207924243432,1
"affine",50,15,0.666666666666667,50150,0.98,1,0.98,0.8,1,1,1,0.0886306131676747,1
"affine",50,15,0.666666666666667,50151,0.98,0.938775510204082,0.92,0.8,1,1,0.914285714285714,0.0537605838458663,1
"affine",50,15,0.666666666666667,50152,0.98,0.918367346938776,0.9,0.8,1,1,0.894736842105263,0.0858112301792804,1
"affine",50,15,0.666666666666667,50153,0.96,0.958333333333333,0.92,0.6,1,1,0.941176470588235,0.0463163348677119,1
"affine",50,15,0.666666666666667,50154,0.98,1,0.98,0.8,1,1,1,0.055284169106092,1
"affine",50,15,0.666666666666667,50155,0.96,0.895833333333333,0.86,0.6,1,0.846153846153846,0.914285714285714,0.0420421655785124,1
"affine",50,15,0.666666666666667,50156,0.98,1,0.98,0.8,1,1,1,0.100329544680927,1
"affine",50,15,0.666666666666667,50157,0.98,0.73469387755102,0.72,0.8,1,0.833333333333333,0.67741935483871,0.0479051885154413,1
"affine",50,15,0.666666666666667,50158,0.98,0.979591836734694,0.96,0.8,1,1,0.976744186046512,0.0769169277601527,1
"affine",50,15,0.666666666666667,50159,0.98,1,0.98,0.8,1,1,1,0.0724806099138613,1
"affine",50,15,0.666666666666667,50160,0.98,0.979591836734694,0.96,0.8,1,0.928571428571429,1,0.0933875765983279,1
"affine",50,15,0.666666666666667,50161,0.96,1,0.96,0.6,1,1,1,0.0673892860952269,1
"affine",50,15,0.666666666666667,50162,0.98,0.938775510204082,0.92,0.8,1,1,0.918918918918919,0.0526090069747832,0.5
"affine",50,15,0.666666666666667,50163,0.98,1,0.98,0.8,1,1,1,0.0451731899584357,1
"affine",50,15,0.666666666666667,50164,0.98,0.673469387755102,0.66,0.8,1,1,0.555555555555556,0.0395024840236627,0
"affine",50,15,0.666666666666667,50165,0.96,1,0.96,0.6,1,1,1,0.0805262793837329,1
"affine",50,15,0.666666666666667,50166,0.98,1,0.98,0.8,1,1,1,0.0762082412467594,1
"affine",50,15,0.666666666666667,50167,0.98,0.959183673469388,0.94,0.8,1,0.947368421052632,0.966666666666667,0.0309332267285973,1
"affine",50,15,0.666666666666667,50168,0.98,1,0.98,0.8,1,1,1,0.0597716739799198,1
"affine",50,15,0.666666666666667,50169,0.98,0.897959183673469,0.88,0.8,1,0.764705882352941,0.96875,0.0449498291888945,1
"affine",50,15,0.666666666666667,50170,0.96,0.895833333333333,0.86,0.6,1,0.882352941176471,0.903225806451613,0.0456834397013014,1
"affine",50,15,0.666666666666667,50171,0.98,0.836734693877551,0.82,0.8,1,1,0.783783783783784,0.0668812834544897,1
"affine",50,15,0.666666666666667,50172,0.98,0.979591836734694,0.96,0.8,1,1,0.966666666666667,0.0469020204718894,1
"affine",50,15,0.666666666666667,50173,0.98,0.653061224489796,0.64,0.8,1,0.5,0.702702702702703,0.0534142530801534,0.5
"affine",50,15,0.666666666666667,50174,0.96,1,0.96,0.6,1,1,1,0.0555745807078381,1
"affine",50,15,0.666666666666667,50175,0.96,1,0.96,0.6,1,1,1,0.0627128440977798,1
"affine",50,15,0.666666666666667,50176,0.98,1,0.98,0.8,1,1,1,0.0364101437105853,1
"affine",50,15,0.666666666666667,50177,0.98,0.979591836734694,0.96,0.8,1,1,0.970588235294118,0.0683999136969041,1
"affine",50,15,0.666666666666667,50178,0.98,0.979591836734694,0.96,0.8,1,1,0.96969696969697,0.0615590236066382,1
"affine",50,15,0.666666666666667,50179,0.98,0.979591836734694,0.96,0.8,1,1,0.96969696969697,0.0597418531555064,1
"affine",50,15,0.666666666666667,50180,0.98,0.979591836734694,0.96,0.8,1,0.888888888888889,1,0.0675537223753783,1
"affine",50,15,0.666666666666667,50181,0.96,1,0.96,0.6,1,1,1,0.0415739892513758,1
"affine",50,15,0.666666666666667,50182,0.98,1,0.98,0.8,1,1,1,0.0652376931985567,1
"affine",50,15,0.666666666666667,50183,0.98,1,0.98,0.8,1,1,1,0.065739531058341,1
"affine",50,15,0.666666666666667,50184,0.98,1,0.98,0.8,1,1,1,0.0412473275390935,1
"affine",50,15,0.666666666666667,50185,0.96,0.5625,0.54,0.6,1,0.857142857142857,0.441176470588235,0.0579563499453127,0
"affine",50,15,0.666666666666667,50186,0.98,1,0.98,0.8,1,1,1,0.0596871576299146,1
"affine",50,15,0.666666666666667,50187,0.98,1,0.98,0.8,1,1,1,0.0746751890194478,1
"affine",50,15,0.666666666666667,50188,0.96,1,0.96,0.6,1,1,1,0.0586968022020339,1
"affine",50,15,0.666666666666667,50189,0.98,0.959183673469388,0.94,0.8,1,1,0.933333333333333,0.056088589003905,0.5
"affine",50,15,0.666666666666667,50190,0.96,0.958333333333333,0.92,0.6,1,1,0.941176470588235,0.0756085698934628,1
"affine",50,15,0.666666666666667,50191,0.98,1,0.98,0.8,1,1,1,0.0543489106495262,1
"affine",50,15,0.666666666666667,50192,0.98,1,0.98,0.8,1,1,1,0.0574623099006061,1
"affine",50,15,0.666666666666667,50193,0.98,0.938775510204082,0.92,0.8,1,1,0.923076923076923,0.0742275221159987,1
"affine",50,15,0.666666666666667,50194,0.98,1,0.98,0.8,1,1,1,0.0614618546930932,1
"affine",50,15,0.666666666666667,50195,0.98,1,0.98,0.8,1,1,1,0.0865616415326884,1
"affine",50,15,0.666666666666667,50196,0.98,1,0.98,0.8,1,1,1,0.0976470493991383,1
"affine",50,15,0.666666666666667,50197,0.98,1,0.98,0.8,1,1,1,0.0912206619186119,1
"affine",50,15,0.666666666666667,50198,0.98,1,0.98,0.8,1,1,1,0.0682944144274136,1
"affine",50,15,0.666666666666667,50199,0.96,1,0.96,0.6,1,1,1,0.0919808816971006,1
"affine",50,15,0.666666666666667,50200,0.98,1,0.98,0.8,1,1,1,0.0649463610935485,1
"curved",50,15,0.666666666666667,1050001,0.96,0.979166666666667,0.94,0.6,1,1,0.971428571428571,0.0740254877212775,0.5
"curved",50,15,0.666666666666667,1050002,0.98,0.775510204081633,0.76,0.8,1,0.823529411764706,0.75,0.0637928033186848,1
"curved",50,15,0.666666666666667,1050003,0.98,1,0.98,0.8,1,1,1,0.0831932473241492,1
"curved",50,15,0.666666666666667,1050004,0.98,0.918367346938776,0.9,0.8,1,0.909090909090909,0.921052631578947,0.0664062868434643,1
"curved",50,15,0.666666666666667,1050005,0.98,0.795918367346939,0.78,0.8,1,0.857142857142857,0.771428571428571,0.0698082079713166,1
"curved",50,15,0.666666666666667,1050006,0.98,1,0.98,0.8,1,1,1,0.102171155674214,1
"curved",50,15,0.666666666666667,1050007,0.98,0.979591836734694,0.96,0.8,1,0.916666666666667,1,0.0879528824274676,1
"curved",50,15,0.666666666666667,1050008,0.96,1,0.96,0.6,1,1,1,0.0747459494991835,1
"curved",50,15,0.666666666666667,1050009,0.98,0.959183673469388,0.94,0.8,1,0.9375,0.96969696969697,0.075170243597704,1
"curved",50,15,0.666666666666667,1050010,0.96,0.958333333333333,0.92,0.6,1,1,0.933333333333333,0.0977487133619034,1
"curved",50,15,0.666666666666667,1050011,0.98,0.979591836734694,0.96,0.8,1,1,0.970588235294118,0.0791053517968814,1
"curved",50,15,0.666666666666667,1050012,0.98,0.979591836734694,0.96,0.8,1,1,0.971428571428571,0.0750529107620723,1
"curved",50,15,0.666666666666667,1050013,0.96,1,0.96,0.6,1,1,1,0.0681935909325961,1
"curved",50,15,0.666666666666667,1050014,0.98,0.938775510204082,0.92,0.8,1,0.882352941176471,0.96875,0.0829691729594781,1
"curved",50,15,0.666666666666667,1050015,0.96,0.854166666666667,0.82,0.6,1,0.882352941176471,0.838709677419355,0.0787846863183844,1
"curved",50,15,0.666666666666667,1050016,0.98,0.857142857142857,0.84,0.8,1,1,0.815789473684211,0.0841332280963127,1
"curved",50,15,0.666666666666667,1050017,0.96,0.645833333333333,0.62,0.6,1,0.722222222222222,0.6,0.0464603333095492,0.5
"curved",50,15,0.666666666666667,1050018,0.96,0.895833333333333,0.86,0.6,1,1,0.848484848484849,0.0947838479541709,1
"curved",50,15,0.666666666666667,1050019,0.96,0.8125,0.78,0.6,1,1,0.735294117647059,0.0779029934402106,0
"curved",50,15,0.666666666666667,1050020,0.98,0.918367346938776,0.9,0.8,1,1,0.894736842105263,0.0887572468442469,0.5
"curved",50,15,0.666666666666667,1050021,0.98,0.979591836734694,0.96,0.8,1,1,0.966666666666667,0.0802819660748002,1
"curved",50,15,0.666666666666667,1050022,0.98,1,0.98,0.8,1,1,1,0.0721421231094084,1
"curved",50,15,0.666666666666667,1050023,0.96,1,0.96,0.6,1,1,1,0.0950938143638824,1
"curved",50,15,0.666666666666667,1050024,0.96,1,0.96,0.6,1,1,1,0.116326006110257,1
"curved",50,15,0.666666666666667,1050025,0.98,0.775510204081633,0.76,0.8,1,0.923076923076923,0.722222222222222,0.0802182254788781,0.5
"curved",50,15,0.666666666666667,1050026,0.98,0.795918367346939,0.78,0.8,1,0.933333333333333,0.735294117647059,0.0799279089238593,1
"curved",50,15,0.666666666666667,1050027,0.98,0.836734693877551,0.82,0.8,1,0.875,0.818181818181818,0.0620167072359666,1
"curved",50,15,0.666666666666667,1050028,0.98,0.918367346938776,0.9,0.8,1,1,0.882352941176471,0.0686432678224502,1
"curved",50,15,0.666666666666667,1050029,0.98,1,0.98,0.8,1,1,1,0.0761586970359358,0.5
"curved",50,15,0.666666666666667,1050030,0.96,1,0.96,0.6,1,1,1,0.0959014314697046,1
"curved",50,15,0.666666666666667,1050031,0.98,1,0.98,0.8,1,1,1,0.0708476886255491,1
"curved",50,15,0.666666666666667,1050032,0.98,1,0.98,0.8,1,1,1,0.0797766353086479,1
"curved",50,15,0.666666666666667,1050033,0.98,1,0.98,0.8,1,1,1,0.105186092195925,1
"curved",50,15,0.666666666666667,1050034,0.96,1,0.96,0.6,1,1,1,0.0968038081018252,1
"curved",50,15,0.666666666666667,1050035,0.98,1,0.98,0.8,1,1,1,0.0800701788980842,1
"curved",50,15,0.666666666666667,1050036,0.98,1,0.98,0.8,1,1,1,0.0825839367667267,1
"curved",50,15,0.666666666666667,1050037,0.98,1,0.98,0.8,1,1,1,0.10516620519819,1
"curved",50,15,0.666666666666667,1050038,0.96,1,0.96,0.6,1,1,1,0.0842981796004577,1
"curved",50,15,0.666666666666667,1050039,0.98,0.979591836734694,0.96,0.8,1,0.947368421052632,1,0.0732528195810969,1
"curved",50,15,0.666666666666667,1050040,0.98,1,0.98,0.8,1,1,1,0.0545449109456182,1
"curved",50,15,0.666666666666667,1050041,0.96,1,0.96,0.6,1,1,1,0.0817634230518355,1
"curved",50,15,0.666666666666667,1050042,0.98,1,0.98,0.8,1,1,1,0.0829332125674254,1
"curved",50,15,0.666666666666667,1050043,0.98,0.959183673469388,0.94,0.8,1,1,0.9375,0.0661569215849886,1
"curved",50,15,0.666666666666667,1050044,0.98,1,0.98,0.8,1,1,1,0.0872896034391256,1
"curved",50,15,0.666666666666667,1050045,0.96,0.979166666666667,0.94,0.6,1,1,0.972222222222222,0.113038470779894,1
"curved",50,15,0.666666666666667,1050046,0.98,1,0.98,0.8,1,1,1,0.089148154778827,1
"curved",50,15,0.666666666666667,1050047,0.98,0.918367346938776,0.9,0.8,1,0.952380952380952,0.892857142857143,0.0883259498587297,1
"curved",50,15,0.666666666666667,1050048,0.96,1,0.96,0.6,1,1,1,0.0904134212652288,1
"curved",50,15,0.666666666666667,1050049,0.96,1,0.96,0.6,1,1,1,0.079021370464809,1
"curved",50,15,0.666666666666667,1050050,0.96,1,0.96,0.6,1,1,1,0.0853883701132761,1
"curved",50,15,0.666666666666667,1050051,0.96,1,0.96,0.6,1,1,1,0.0887897492183872,1
"curved",50,15,0.666666666666667,1050052,0.96,1,0.96,0.6,1,1,1,0.0685799538936544,1
"curved",50,15,0.666666666666667,1050053,0.98,0.836734693877551,0.82,0.8,1,0.875,0.818181818181818,0.073374987680803,1
"curved",50,15,0.666666666666667,1050054,0.96,0.979166666666667,0.94,0.6,1,1,0.970588235294118,0.0813540273644207,1
"curved",50,15,0.666666666666667,1050055,0.98,0.979591836734694,0.96,0.8,1,1,0.970588235294118,0.091212220021716,1
"curved",50,15,0.666666666666667,1050056,0.98,1,0.98,0.8,1,1,1,0.072376848434433,1
"curved",50,15,0.666666666666667,1050057,0.96,0.854166666666667,0.82,0.6,1,0.9,0.821428571428571,0.0825454763631213,1
"curved",50,15,0.666666666666667,1050058,0.98,1,0.98,0.8,1,1,1,0.0695346043192172,1
"curved",50,15,0.666666666666667,1050059,0.98,1,0.98,0.8,1,1,1,0.0996468618962281,1
"curved",50,15,0.666666666666667,1050060,0.98,0.571428571428571,0.56,0.8,1,0.833333333333333,0.486486486486487,0.0841172471409686,1
"curved",50,15,0.666666666666667,1050061,0.98,0.979591836734694,0.96,0.8,1,1,0.970588235294118,0.075857113447138,1
"curved",50,15,0.666666666666667,1050062,0.98,0.775510204081633,0.76,0.8,1,0.8,0.769230769230769,0.0810241447978176,1
"curved",50,15,0.666666666666667,1050063,0.98,0.918367346938776,0.9,0.8,1,1,0.882352941176471,0.0788554102906814,0.5
"curved",50,15,0.666666666666667,1050064,0.98,1,0.98,0.8,1,1,1,0.0703597607389465,1
"curved",50,15,0.666666666666667,1050065,0.98,1,0.98,0.8,1,1,1,0.0871521117073297,1
"curved",50,15,0.666666666666667,1050066,0.98,0.918367346938776,0.9,0.8,1,0.888888888888889,0.935483870967742,0.0786268073474996,1
"curved",50,15,0.666666666666667,1050067,0.96,1,0.96,0.6,1,1,1,0.0783034302932076,1
"curved",50,15,0.666666666666667,1050068,0.98,1,0.98,0.8,1,1,1,0.0982996646047521,1
"curved",50,15,0.666666666666667,1050069,0.98,0.938775510204082,0.92,0.8,1,1,0.925,0.129539575724949,1
"curved",50,15,0.666666666666667,1050070,0.98,0.897959183673469,0.88,0.8,1,0.8125,0.939393939393939,0.0812684844485563,1
"curved",50,15,0.666666666666667,1050071,0.98,1,0.98,0.8,1,1,1,0.0865738218420986,1
"curved",50,15,0.666666666666667,1050072,0.98,0.938775510204082,0.92,0.8,1,0.904761904761905,0.964285714285714,0.0641722906106472,1
"curved",50,15,0.666666666666667,1050073,0.98,1,0.98,0.8,1,1,1,0.0784916494691146,1
"curved",50,15,0.666666666666667,1050074,0.98,0.918367346938776,0.9,0.8,1,1,0.866666666666667,0.06817158069278,1
"curved",50,15,0.666666666666667,1050075,0.98,1,0.98,0.8,1,1,1,0.0702505361688391,1
"curved",50,15,0.666666666666667,1050076,0.98,0.938775510204082,0.92,0.8,1,0.928571428571429,0.942857142857143,0.107500425038035,1
"curved",50,15,0.666666666666667,1050077,0.98,1,0.98,0.8,1,1,1,0.0785239758086166,1
"curved",50,15,0.666666666666667,1050078,0.98,0.755102040816326,0.74,0.8,1,1,0.675675675675676,0.0717277202048192,0.5
"curved",50,15,0.666666666666667,1050079,0.96,1,0.96,0.6,1,1,1,0.081512046480107,1
"curved",50,15,0.666666666666667,1050080,0.96,1,0.96,0.6,1,1,1,0.0861740464575663,1
"curved",50,15,0.666666666666667,1050081,0.96,0.854166666666667,0.82,0.6,1,0.8125,0.875,0.0842987611105735,1
"curved",50,15,0.666666666666667,1050082,0.98,1,0.98,0.8,1,1,1,0.0762678925611165,1
"curved",50,15,0.666666666666667,1050083,0.96,0.875,0.84,0.6,1,0.9375,0.84375,0.0668027689830901,1
"curved",50,15,0.666666666666667,1050084,0.96,0.770833333333333,0.74,0.6,1,0.769230769230769,0.771428571428571,0.0950620505665232,1
"curved",50,15,0.666666666666667,1050085,0.96,0.708333333333333,0.68,0.6,1,0.866666666666667,0.636363636363636,0.0535538410521522,1
"curved",50,15,0.666666666666667,1050086,0.96,1,0.96,0.6,1,1,1,0.101567746236708,1
"curved",50,15,0.666666666666667,1050087,0.98,1,0.98,0.8,1,1,1,0.0757086238629849,1
"curved",50,15,0.666666666666667,1050088,0.98,0.918367346938776,0.9,0.8,1,1,0.885714285714286,0.0851928380160435,1
"curved",50,15,0.666666666666667,1050089,0.98,1,0.98,0.8,1,1,1,0.0844382533257519,1
"curved",50,15,0.666666666666667,1050090,0.98,0.775510204081633,0.76,0.8,1,0.769230769230769,0.777777777777778,0.0799408566911686,0
"curved",50,15,0.666666666666667,1050091,0.98,1,0.98,0.8,1,1,1,0.0817642538830077,1
"curved",50,15,0.666666666666667,1050092,0.98,0.918367346938776,0.9,0.8,1,1,0.862068965517241,0.0730574231055331,1
"curved",50,15,0.666666666666667,1050093,0.98,0.897959183673469,0.88,0.8,1,1,0.857142857142857,0.105686584208331,1
"curved",50,15,0.666666666666667,1050094,0.98,0.938775510204082,0.92,0.8,1,0.9375,0.939393939393939,0.0611140135589178,1
"curved",50,15,0.666666666666667,1050095,0.98,1,0.98,0.8,1,1,1,0.0917652424041479,1
"curved",50,15,0.666666666666667,1050096,0.98,0.755102040816326,0.74,0.8,1,1,0.692307692307692,0.0955760931566355,1
"curved",50,15,0.666666666666667,1050097,0.98,0.979591836734694,0.96,0.8,1,1,0.973684210526316,0.079237962888232,0.5
"curved",50,15,0.666666666666667,1050098,0.96,1,0.96,0.6,1,1,1,0.0754984339380841,1
"curved",50,15,0.666666666666667,1050099,0.96,0.854166666666667,0.82,0.6,1,0.9,0.821428571428571,0.0558575818845437,1
"curved",50,15,0.666666666666667,1050100,0.96,1,0.96,0.6,1,1,1,0.0996566195040866,1
"curved",50,15,0.666666666666667,1050101,0.98,0.959183673469388,0.94,0.8,1,1,0.944444444444444,0.080786793355466,1
"curved",50,15,0.666666666666667,1050102,0.98,0.673469387755102,0.66,0.8,1,0.833333333333333,0.621621621621622,0.0995902351260427,1
"curved",50,15,0.666666666666667,1050103,0.96,1,0.96,0.6,1,1,1,0.103945632502897,1
"curved",50,15,0.666666666666667,1050104,0.96,0.916666666666667,0.88,0.6,1,0.875,0.925,0.0753302365436026,1
"curved",50,15,0.666666666666667,1050105,0.96,1,0.96,0.6,1,1,1,0.0772321422221437,1
"curved",50,15,0.666666666666667,1050106,0.96,0.958333333333333,0.92,0.6,1,0.916666666666667,0.972222222222222,0.0937864945642523,1
"curved",50,15,0.666666666666667,1050107,0.98,1,0.98,0.8,1,1,1,0.0674265400315426,1
"curved",50,15,0.666666666666667,1050108,0.96,0.770833333333333,0.74,0.6,1,0.75,0.777777777777778,0.0715933282349762,1
"curved",50,15,0.666666666666667,1050109,0.98,1,0.98,0.8,1,1,1,0.0837368926888007,1
"curved",50,15,0.666666666666667,1050110,0.98,0.755102040816326,0.74,0.8,1,0.666666666666667,0.794117647058823,0.0864205906769361,0.5
"curved",50,15,0.666666666666667,1050111,0.96,1,0.96,0.6,1,1,1,0.066756143063836,1
"curved",50,15,0.666666666666667,1050112,0.98,0.979591836734694,0.96,0.8,1,1,0.972222222222222,0.0788197762841545,1
"curved",50,15,0.666666666666667,1050113,0.96,1,0.96,0.6,1,1,1,0.0519765074864089,1
"curved",50,15,0.666666666666667,1050114,0.98,1,0.98,0.8,1,1,1,0.0737895240756261,1
"curved",50,15,0.666666666666667,1050115,0.96,1,0.96,0.6,1,1,1,0.0904802623297986,1
"curved",50,15,0.666666666666667,1050116,0.98,0.979591836734694,0.96,0.8,1,0.944444444444444,1,0.0868109515873149,1
"curved",50,15,0.666666666666667,1050117,0.98,1,0.98,0.8,1,1,1,0.0744719301015343,1
"curved",50,15,0.666666666666667,1050118,0.98,0.938775510204082,0.92,0.8,1,1,0.90625,0.0709476779119667,1
"curved",50,15,0.666666666666667,1050119,0.96,1,0.96,0.6,1,1,1,0.108175674200723,1
"curved",50,15,0.666666666666667,1050120,0.98,0.959183673469388,0.94,0.8,1,1,0.942857142857143,0.0883041580959049,0.5
"curved",50,15,0.666666666666667,1050121,0.98,0.938775510204082,0.92,0.8,1,1,0.914285714285714,0.0753711793601508,1
"curved",50,15,0.666666666666667,1050122,0.98,1,0.98,0.8,1,1,1,0.0878557427850367,1
"curved",50,15,0.666666666666667,1050123,0.96,1,0.96,0.6,1,1,1,0.109630194307668,1
"curved",50,15,0.666666666666667,1050124,0.98,1,0.98,0.8,1,1,1,0.0797760750166259,1
"curved",50,15,0.666666666666667,1050125,0.96,1,0.96,0.6,1,1,1,0.073529353615754,1
"curved",50,15,0.666666666666667,1050126,0.98,1,0.98,0.8,1,1,1,0.0564123326862767,1
"curved",50,15,0.666666666666667,1050127,0.96,1,0.96,0.6,1,1,1,0.0906247280003171,1
"curved",50,15,0.666666666666667,1050128,0.98,1,0.98,0.8,1,1,1,0.0739169551437883,1
"curved",50,15,0.666666666666667,1050129,0.98,1,0.98,0.8,1,1,1,0.0740311515198594,1
"curved",50,15,0.666666666666667,1050130,0.98,0.673469387755102,0.66,0.8,1,0.588235294117647,0.71875,0.0911504602527575,1
"curved",50,15,0.666666666666667,1050131,0.98,0.959183673469388,0.94,0.8,1,1,0.942857142857143,0.103104161126636,1
"curved",50,15,0.666666666666667,1050132,0.98,0.714285714285714,0.7,0.8,1,0.666666666666667,0.741935483870968,0.0449538523479729,1
"curved",50,15,0.666666666666667,1050133,0.96,0.8125,0.78,0.6,1,0.833333333333333,0.8,0.0567681057547273,1
"curved",50,15,0.666666666666667,1050134,0.98,0.653061224489796,0.64,0.8,1,0.785714285714286,0.6,0.102503061308971,1
"curved",50,15,0.666666666666667,1050135,0.98,1,0.98,0.8,1,1,1,0.0984354463476907,1
"curved",50,15,0.666666666666667,1050136,0.98,1,0.98,0.8,1,1,1,0.0686376054872118,1
"curved",50,15,0.666666666666667,1050137,0.98,0.938775510204082,0.92,0.8,1,1,0.923076923076923,0.0644269323627954,0
"curved",50,15,0.666666666666667,1050138,0.98,0.979591836734694,0.96,0.8,1,1,0.972222222222222,0.0742014231984193,1
"curved",50,15,0.666666666666667,1050139,0.96,0.9375,0.9,0.6,1,0.95,0.928571428571429,0.08222053835983,1
"curved",50,15,0.666666666666667,1050140,0.96,0.729166666666667,0.7,0.6,1,0.80952380952381,0.666666666666667,0.0497016894618004,1
"curved",50,15,0.666666666666667,1050141,0.96,1,0.96,0.6,1,1,1,0.0775653966292499,1
"curved",50,15,0.666666666666667,1050142,0.96,1,0.96,0.6,1,1,1,0.061450804321017,1
"curved",50,15,0.666666666666667,1050143,0.98,0.877551020408163,0.86,0.8,1,1,0.842105263157895,0.120833424543038,1
"curved",50,15,0.666666666666667,1050144,0.96,0.770833333333333,0.74,0.6,1,0.875,0.75,0.10081878192332,0.5
"curved",50,15,0.666666666666667,1050145,0.98,0.918367346938776,0.9,0.8,1,1,0.866666666666667,0.0880300929267697,1
"curved",50,15,0.666666666666667,1050146,0.98,0.979591836734694,0.96,0.8,1,1,0.970588235294118,0.0624218944308612,1
"curved",50,15,0.666666666666667,1050147,0.96,1,0.96,0.6,1,1,1,0.0786478746604075,1
"curved",50,15,0.666666666666667,1050148,0.96,0.770833333333333,0.74,0.6,1,0.714285714285714,0.794117647058823,0.0751251051636704,1
"curved",50,15,0.666666666666667,1050149,0.96,0.958333333333333,0.92,0.6,1,0.944444444444444,0.966666666666667,0.0604140953378391,1
"curved",50,15,0.666666666666667,1050150,0.96,0.729166666666667,0.7,0.6,1,0.777777777777778,0.717948717948718,0.0770151617846191,1
"curved",50,15,0.666666666666667,1050151,0.98,0.959183673469388,0.94,0.8,1,1,0.939393939393939,0.0747887734125249,1
"curved",50,15,0.666666666666667,1050152,0.96,0.958333333333333,0.92,0.6,1,0.928571428571429,0.970588235294118,0.0879790657688089,1
"curved",50,15,0.666666666666667,1050153,0.98,1,0.98,0.8,1,1,1,0.0720266161045706,1
"curved",50,15,0.666666666666667,1050154,0.98,1,0.98,0.8,1,1,1,0.0566036027612854,1
"curved",50,15,0.666666666666667,1050155,0.98,1,0.98,0.8,1,1,1,0.0991068542761178,1
"curved",50,15,0.666666666666667,1050156,0.98,0.836734693877551,0.82,0.8,1,0.9,0.793103448275862,0.066832035465119,1
"curved",50,15,0.666666666666667,1050157,0.98,0.755102040816326,0.74,0.8,1,0.9375,0.666666666666667,0.0783440892071268,1
"curved",50,15,0.666666666666667,1050158,0.96,0.916666666666667,0.88,0.6,1,0.909090909090909,0.918918918918919,0.0824758745259838,1
"curved",50,15,0.666666666666667,1050159,0.96,0.916666666666667,0.88,0.6,1,1,0.904761904761905,0.151644213556081,1
"curved",50,15,0.666666666666667,1050160,0.96,0.729166666666667,0.7,0.6,1,0.8125,0.6875,0.0629172682566304,1
"curved",50,15,0.666666666666667,1050161,0.98,1,0.98,0.8,1,1,1,0.0784162532446161,1
"curved",50,15,0.666666666666667,1050162,0.98,0.979591836734694,0.96,0.8,1,1,0.972972972972973,0.0809451286392846,1
"curved",50,15,0.666666666666667,1050163,0.98,0.959183673469388,0.94,0.8,1,0.952380952380952,0.964285714285714,0.0498225615484965,1
"curved",50,15,0.666666666666667,1050164,0.98,0.857142857142857,0.84,0.8,1,1,0.82051282051282,0.0773516760831353,1
"curved",50,15,0.666666666666667,1050165,0.98,1,0.98,0.8,1,1,1,0.089564655608538,1
"curved",50,15,0.666666666666667,1050166,0.98,0.673469387755102,0.66,0.8,1,0.818181818181818,0.631578947368421,0.0685335891311071,1
"curved",50,15,0.666666666666667,1050167,0.96,1,0.96,0.6,1,1,1,0.0840733046281597,1
"curved",50,15,0.666666666666667,1050168,0.96,0.770833333333333,0.74,0.6,1,1,0.702702702702703,0.084232122248735,1
"curved",50,15,0.666666666666667,1050169,0.96,1,0.96,0.6,1,1,1,0.0811751762060513,1
"curved",50,15,0.666666666666667,1050170,0.96,0.791666666666667,0.76,0.6,1,0.882352941176471,0.741935483870968,0.0527779816777367,1
"curved",50,15,0.666666666666667,1050171,0.96,1,0.96,0.6,1,1,1,0.0993216912885451,1
"curved",50,15,0.666666666666667,1050172,0.96,1,0.96,0.6,1,1,1,0.0916877635906638,1
"curved",50,15,0.666666666666667,1050173,0.96,0.854166666666667,0.82,0.6,1,0.875,0.84375,0.0934835789226404,1
"curved",50,15,0.666666666666667,1050174,0.98,0.979591836734694,0.96,0.8,1,1,0.964285714285714,0.0785277424846242,1
"curved",50,15,0.666666666666667,1050175,0.98,1,0.98,0.8,1,1,1,0.090862948843907,1
"curved",50,15,0.666666666666667,1050176,0.98,1,0.98,0.8,1,1,1,0.0868856793738946,1
"curved",50,15,0.666666666666667,1050177,0.98,0.897959183673469,0.88,0.8,1,0.888888888888889,0.9,0.0971737540283723,1
"curved",50,15,0.666666666666667,1050178,0.98,1,0.98,0.8,1,1,1,0.0966769267352655,1
"curved",50,15,0.666666666666667,1050179,0.96,0.979166666666667,0.94,0.6,1,0.952380952380952,1,0.0546037215468716,1
"curved",50,15,0.666666666666667,1050180,0.98,0.918367346938776,0.9,0.8,1,0.916666666666667,0.918918918918919,0.1002073854261,0.5
"curved",50,15,0.666666666666667,1050181,0.98,0.918367346938776,0.9,0.8,1,0.9375,0.909090909090909,0.0913550330985975,1
"curved",50,15,0.666666666666667,1050182,0.96,0.6875,0.66,0.6,1,0.6,0.710526315789474,0.0655831742134962,1
"curved",50,15,0.666666666666667,1050183,0.98,0.918367346938776,0.9,0.8,1,0.928571428571429,0.914285714285714,0.0796915182277586,1
"curved",50,15,0.666666666666667,1050184,0.98,0.918367346938776,0.9,0.8,1,1,0.891891891891892,0.0849079962930585,1
"curved",50,15,0.666666666666667,1050185,0.98,0.979591836734694,0.96,0.8,1,0.933333333333333,1,0.0786293889281163,1
"curved",50,15,0.666666666666667,1050186,0.98,0.857142857142857,0.84,0.8,1,0.933333333333333,0.823529411764706,0.0892444417067557,1
"curved",50,15,0.666666666666667,1050187,0.96,0.833333333333333,0.8,0.6,1,0.875,0.8125,0.0949057383556071,1
"curved",50,15,0.666666666666667,1050188,0.96,1,0.96,0.6,1,1,1,0.0879839334021723,1
"curved",50,15,0.666666666666667,1050189,0.96,1,0.96,0.6,1,1,1,0.0949518442417479,1
"curved",50,15,0.666666666666667,1050190,0.98,0.73469387755102,0.72,0.8,1,0.833333333333333,0.702702702702703,0.0639100010750686,1
"curved",50,15,0.666666666666667,1050191,0.98,1,0.98,0.8,1,1,1,0.0874424000216112,1
"curved",50,15,0.666666666666667,1050192,0.96,0.895833333333333,0.86,0.6,1,1,0.864864864864865,0.0837116084012103,1
"curved",50,15,0.666666666666667,1050193,0.98,0.755102040816326,0.74,0.8,1,0.875,0.696969696969697,0.0916398439641064,0.5
"curved",50,15,0.666666666666667,1050194,0.98,0.795918367346939,0.78,0.8,1,0.666666666666667,0.852941176470588,0.0977918245071959,1
"curved",50,15,0.666666666666667,1050195,0.98,0.959183673469388,0.94,0.8,1,1,0.939393939393939,0.0789221353278563,1
"curved",50,15,0.666666666666667,1050196,0.98,0.959183673469388,0.94,0.8,1,0.9375,0.96969696969697,0.0637136091393924,1
"curved",50,15,0.666666666666667,1050197,0.98,0.755102040816326,0.74,0.8,1,0.9375,0.666666666666667,0.0612082726538228,0.5
"curved",50,15,0.666666666666667,1050198,0.98,1,0.98,0.8,1,1,1,0.0739039397301531,1
"curved",50,15,0.666666666666667,1050199,0.98,0.897959183673469,0.88,0.8,1,0.875,0.909090909090909,0.0680824863143147,1
"curved",50,15,0.666666666666667,1050200,0.96,1,0.96,0.6,1,1,1,0.0638171492769613,0.5
"affine",100,25,0.666666666666667,100001,0.98,1,0.98,0.8,1,1,1,0.0253539675472946,1
"affine",100,25,0.666666666666667,100002,0.98,1,0.98,0.8,1,1,1,0.0295227784459978,1
"affine",100,25,0.666666666666667,100003,0.98,1,0.98,0.8,1,1,1,0.0239921828334223,1
"affine",100,25,0.666666666666667,100004,0.98,0.989795918367347,0.97,0.8,1,1,0.984848484848485,0.0258174540615164,1
"affine",100,25,0.666666666666667,100005,0.98,0.653061224489796,0.64,0.8,1,0.692307692307692,0.638888888888889,0.0329442232770402,1
"affine",100,25,0.666666666666667,100006,0.98,1,0.98,0.8,1,1,1,0.0198184924974578,1
"affine",100,25,0.666666666666667,100007,0.98,1,0.98,0.8,1,1,1,0.0269012752313656,1
"affine",100,25,0.666666666666667,100008,0.98,0.989795918367347,0.97,0.8,1,1,0.985915492957746,0.0283660789704941,1
"affine",100,25,0.666666666666667,100009,0.98,1,0.98,0.8,1,1,1,0.0173401961064348,1
"affine",100,25,0.666666666666667,100010,0.98,0.969387755102041,0.95,0.8,1,1,0.954545454545455,0.0282176183314627,0.5
"affine",100,25,0.666666666666667,100011,0.98,1,0.98,0.8,1,1,1,0.0423468504093463,1
"affine",100,25,0.666666666666667,100012,0.98,0.989795918367347,0.97,0.8,1,1,0.986486486486487,0.0349387656230399,1
"affine",100,25,0.666666666666667,100013,0.98,1,0.98,0.8,1,1,1,0.0253559524140811,1
"affine",100,25,0.666666666666667,100014,0.98,0.969387755102041,0.95,0.8,1,1,0.961038961038961,0.0372537728945808,1
"affine",100,25,0.666666666666667,100015,0.98,0.969387755102041,0.95,0.8,1,1,0.951612903225806,0.026056242867294,1
"affine",100,25,0.666666666666667,100016,0.98,1,0.98,0.8,1,1,1,0.0321499724832784,1
"affine",100,25,0.666666666666667,100017,0.98,0.979591836734694,0.96,0.8,1,1,0.971428571428571,0.0326137515693884,1
"affine",100,25,0.666666666666667,100018,0.98,1,0.98,0.8,1,1,1,0.0343717257920805,0.5
"affine",100,25,0.666666666666667,100019,0.98,1,0.98,0.8,1,1,1,0.0391413589285189,1
"affine",100,25,0.666666666666667,100020,0.99,0.98989898989899,0.98,0.9,1,1,0.986111111111111,0.0402741851946889,1
"affine",100,25,0.666666666666667,100021,0.98,0.979591836734694,0.96,0.8,1,0.96551724137931,0.985507246376812,0.0338108668622646,1
"affine",100,25,0.666666666666667,100022,0.98,0.979591836734694,0.96,0.8,1,0.96875,0.984848484848485,0.031029423701453,1
"affine",100,25,0.666666666666667,100023,0.98,1,0.98,0.8,1,1,1,0.0242110398142215,1
"affine",100,25,0.666666666666667,100024,0.97,1,0.97,0.7,1,1,1,0.0192372252707754,0.5
"affine",100,25,0.666666666666667,100025,0.98,0.948979591836735,0.93,0.8,1,1,0.926470588235294,0.028706773403098,1
"affine",100,25,0.666666666666667,100026,0.98,1,0.98,0.8,1,1,1,0.0333737681697317,1
"affine",100,25,0.666666666666667,100027,0.98,1,0.98,0.8,1,1,1,0.041044695692512,1
"affine",100,25,0.666666666666667,100028,0.98,1,0.98,0.8,1,1,1,0.0271324311654503,1
"affine",100,25,0.666666666666667,100029,0.98,1,0.98,0.8,1,1,1,0.0376032897216658,1
"affine",100,25,0.666666666666667,100030,0.99,0.98989898989899,0.98,0.9,1,1,0.985507246376812,0.0323191660139528,1
"affine",100,25,0.666666666666667,100031,0.98,1,0.98,0.8,1,1,1,0.0353987905825347,1
"affine",100,25,0.666666666666667,100032,0.98,1,0.98,0.8,1,1,1,0.0441599288340221,1
"affine",100,25,0.666666666666667,100033,0.99,1,0.99,0.9,1,1,1,0.0303746808057457,1
"affine",100,25,0.666666666666667,100034,0.98,0.989795918367347,0.97,0.8,1,1,0.985074626865672,0.0338448484261866,1
"affine",100,25,0.666666666666667,100035,0.98,1,0.98,0.8,1,1,1,0.0340421078515458,1
"affine",100,25,0.666666666666667,100036,0.97,1,0.97,0.7,1,1,1,0.0303679809347565,1
"affine",100,25,0.666666666666667,100037,0.98,1,0.98,0.8,1,1,1,0.0270180784421587,1
"affine",100,25,0.666666666666667,100038,0.98,1,0.98,0.8,1,1,1,0.0392298513653034,1
"affine",100,25,0.666666666666667,100039,0.98,1,0.98,0.8,1,1,1,0.0223354831542784,1
"affine",100,25,0.666666666666667,100040,0.99,0.98989898989899,0.98,0.9,1,0.975609756097561,1,0.0188404015418895,1
"affine",100,25,0.666666666666667,100041,0.98,1,0.98,0.8,1,1,1,0.0376363275489669,1
"affine",100,25,0.666666666666667,100042,0.98,1,0.98,0.8,1,1,1,0.0250191401839553,1
"affine",100,25,0.666666666666667,100043,0.98,1,0.98,0.8,1,1,1,0.0381320783646874,1
"affine",100,25,0.666666666666667,100044,0.98,1,0.98,0.8,1,1,1,0.0320895115924604,1
"affine",100,25,0.666666666666667,100045,0.98,1,0.98,0.8,1,1,1,0.0323148004816903,1
"affine",100,25,0.666666666666667,100046,0.98,0.989795918367347,0.97,0.8,1,1,0.984375,0.0277166703364972,1
"affine",100,25,0.666666666666667,100047,0.98,0.979591836734694,0.96,0.8,1,1,0.971830985915493,0.050637663505569,1
"affine",100,25,0.666666666666667,100048,0.99,1,0.99,0.9,1,1,1,0.0287400507601373,1
"affine",100,25,0.666666666666667,100049,0.98,0.86734693877551,0.85,0.8,1,0.96,0.835616438356164,0.026854168228995,1
"affine",100,25,0.666666666666667,100050,0.98,0.948979591836735,0.93,0.8,1,1,0.928571428571429,0.037458327442355,1
"affine",100,25,0.666666666666667,100051,0.99,0.97979797979798,0.97,0.9,1,0.962962962962963,0.986111111111111,0.0299315599318264,1
"affine",100,25,0.666666666666667,100052,0.99,0.98989898989899,0.98,0.9,1,1,0.985294117647059,0.0253237644994156,1
"affine",100,25,0.666666666666667,100053,0.98,1,0.98,0.8,1,1,1,0.0294228234467683,1
"affine",100,25,0.666666666666667,100054,0.98,1,0.98,0.8,1,1,1,0.0450750638132583,1
"affine",100,25,0.666666666666667,100055,0.98,1,0.98,0.8,1,1,1,0.0273966470954897,1
"affine",100,25,0.666666666666667,100056,0.98,1,0.98,0.8,1,1,1,0.0380851762679919,1
"affine",100,25,0.666666666666667,100057,0.98,1,0.98,0.8,1,1,1,0.0412542498578478,1
"affine",100,25,0.666666666666667,100058,0.98,0.86734693877551,0.85,0.8,1,0.8,0.897058823529412,0.0204044565997459,1
"affine",100,25,0.666666666666667,100059,0.98,1,0.98,0.8,1,1,1,0.024002668592588,1
"affine",100,25,0.666666666666667,100060,0.99,1,0.99,0.9,1,1,1,0.0253517554153748,1
"affine",100,25,0.666666666666667,100061,0.98,0.959183673469388,0.94,0.8,1,1,0.945945945945946,0.0302708759122363,1
"affine",100,25,0.666666666666667,100062,0.98,1,0.98,0.8,1,1,1,0.0192429375600694,1
"affine",100,25,0.666666666666667,100063,0.98,0.989795918367347,0.97,0.8,1,1,0.985714285714286,0.0260898035213461,0.5
"affine",100,25,0.666666666666667,100064,0.98,0.989795918367347,0.97,0.8,1,1,0.987012987012987,0.0395124502266771,1
"affine",100,25,0.666666666666667,100065,0.98,1,0.98,0.8,1,1,1,0.0441514418591756,1
"affine",100,25,0.666666666666667,100066,0.98,0.969387755102041,0.95,0.8,1,1,0.957142857142857,0.0330702532237726,1
"affine",100,25,0.666666666666667,100067,0.98,0.989795918367347,0.97,0.8,1,0.961538461538462,1,0.0370395526128785,1
"affine",100,25,0.666666666666667,100068,0.98,1,0.98,0.8,1,1,1,0.0319547762883993,1
"affine",100,25,0.666666666666667,100069,0.98,0.979591836734694,0.96,0.8,1,0.964285714285714,0.985714285714286,0.0318859866427676,1
"affine",100,25,0.666666666666667,100070,0.98,0.989795918367347,0.97,0.8,1,1,0.984375,0.0315560827606194,1
"affine",100,25,0.666666666666667,100071,0.98,1,0.98,0.8,1,1,1,0.0298255657659626,1
"affine",100,25,0.666666666666667,100072,0.98,1,0.98,0.8,1,1,1,0.0312370828424661,1
"affine",100,25,0.666666666666667,100073,0.98,1,0.98,0.8,1,1,1,0.0340784280376663,1
"affine",100,25,0.666666666666667,100074,0.98,1,0.98,0.8,1,1,1,0.0306742337334771,1
"affine",100,25,0.666666666666667,100075,0.98,1,0.98,0.8,1,1,1,0.0285884439170112,1
"affine",100,25,0.666666666666667,100076,0.98,1,0.98,0.8,1,1,1,0.030236977236796,1
"affine",100,25,0.666666666666667,100077,0.97,1,0.97,0.7,1,1,1,0.0283905400089726,1
"affine",100,25,0.666666666666667,100078,0.99,0.98989898989899,0.98,0.9,1,1,0.985294117647059,0.0323010713089141,1
"affine",100,25,0.666666666666667,100079,0.98,1,0.98,0.8,1,1,1,0.0308959460261312,1
"affine",100,25,0.666666666666667,100080,0.98,1,0.98,0.8,1,1,1,0.0236518270767561,1
"affine",100,25,0.666666666666667,100081,0.98,1,0.98,0.8,1,1,1,0.0309736052351979,1
"affine",100,25,0.666666666666667,100082,0.98,1,0.98,0.8,1,1,1,0.0456263180751309,1
"affine",100,25,0.666666666666667,100083,0.98,1,0.98,0.8,1,1,1,0.029279964758486,1
"affine",100,25,0.666666666666667,100084,0.98,1,0.98,0.8,1,1,1,0.0386093698165511,1
"affine",100,25,0.666666666666667,100085,0.98,1,0.98,0.8,1,1,1,0.0341109073194604,1
"affine",100,25,0.666666666666667,100086,0.98,1,0.98,0.8,1,1,1,0.0282535282883985,1
"affine",100,25,0.666666666666667,100087,0.98,1,0.98,0.8,1,1,1,0.0498972971192529,1
"affine",100,25,0.666666666666667,100088,0.98,1,0.98,0.8,1,1,1,0.0254974252565355,1
"affine",100,25,0.666666666666667,100089,0.98,1,0.98,0.8,1,1,1,0.0356222418428371,1
"affine",100,25,0.666666666666667,100090,0.98,1,0.98,0.8,1,1,1,0.0312126734991676,1
"affine",100,25,0.666666666666667,100091,0.98,0.979591836734694,0.96,0.8,1,1,0.972972972972973,0.0291570215927534,1
"affine",100,25,0.666666666666667,100092,0.98,0.887755102040816,0.87,0.8,1,1,0.858974358974359,0.0370958295078448,1
"affine",100,25,0.666666666666667,100093,0.98,1,0.98,0.8,1,1,1,0.0409946594898575,1
"affine",100,25,0.666666666666667,100094,0.98,1,0.98,0.8,1,1,1,0.0290381732866083,1
"affine",100,25,0.666666666666667,100095,0.99,0.96969696969697,0.96,0.9,1,1,0.955882352941177,0.0302465172752538,1
"affine",100,25,0.666666666666667,100096,0.98,0.989795918367347,0.97,0.8,1,1,0.987012987012987,0.0295978603210115,1
"affine",100,25,0.666666666666667,100097,0.98,0.989795918367347,0.97,0.8,1,1,0.984615384615385,0.026780073730267,1
"affine",100,25,0.666666666666667,100098,0.98,1,0.98,0.8,1,1,1,0.0374051542597537,1
"affine",100,25,0.666666666666667,100099,0.98,1,0.98,0.8,1,1,1,0.0405326311946708,1
"affine",100,25,0.666666666666667,100100,0.98,1,0.98,0.8,1,1,1,0.0265442565062831,1
"affine",100,25,0.666666666666667,100101,0.98,1,0.98,0.8,1,1,1,0.0413642769999257,1
"affine",100,25,0.666666666666667,100102,0.98,0.918367346938776,0.9,0.8,1,1,0.880597014925373,0.0271362687053242,1
"affine",100,25,0.666666666666667,100103,0.98,1,0.98,0.8,1,1,1,0.0462688477558306,1
"affine",100,25,0.666666666666667,100104,0.98,0.989795918367347,0.97,0.8,1,1,0.985294117647059,0.0368390749493177,1
"affine",100,25,0.666666666666667,100105,0.97,0.907216494845361,0.88,0.7,1,0.90625,0.907692307692308,0.0291111635658678,1
"affine",100,25,0.666666666666667,100106,0.98,1,0.98,0.8,1,1,1,0.0208984730194137,1
"affine",100,25,0.666666666666667,100107,0.98,1,0.98,0.8,1,1,1,0.0491728742562805,1
"affine",100,25,0.666666666666667,100108,0.98,1,0.98,0.8,1,1,1,0.0221505602683469,1
"affine",100,25,0.666666666666667,100109,0.99,0.95959595959596,0.95,0.9,1,1,0.942028985507246,0.0443379871668317,0.5
"affine",100,25,0.666666666666667,100110,0.98,1,0.98,0.8,1,1,1,0.0196109827021195,1
"affine",100,25,0.666666666666667,100111,0.97,0.969072164948454,0.94,0.7,1,1,0.952380952380952,0.0202229673154096,1
"affine",100,25,0.666666666666667,100112,0.98,1,0.98,0.8,1,1,1,0.0399695398444107,1
"affine",100,25,0.666666666666667,100113,0.98,1,0.98,0.8,1,1,1,0.0373559231085555,1
"affine",100,25,0.666666666666667,100114,0.99,1,0.99,0.9,1,1,1,0.0244766198722052,1
"affine",100,25,0.666666666666667,100115,0.98,1,0.98,0.8,1,1,1,0.0317624946501714,1
"affine",100,25,0.666666666666667,100116,0.98,1,0.98,0.8,1,1,1,0.0312237052807329,1
"affine",100,25,0.666666666666667,100117,0.98,0.979591836734694,0.96,0.8,1,1,0.971428571428571,0.0354106093646804,1
"affine",100,25,0.666666666666667,100118,0.98,1,0.98,0.8,1,1,1,0.0330227565585229,1
"affine",100,25,0.666666666666667,100119,0.98,0.979591836734694,0.96,0.8,1,1,0.972222222222222,0.0233744688575958,1
"affine",100,25,0.666666666666667,100120,0.98,1,0.98,0.8,1,1,1,0.0275219264552676,1
"affine",100,25,0.666666666666667,100121,0.98,1,0.98,0.8,1,1,1,0.0275531063152176,1
"affine",100,25,0.666666666666667,100122,0.98,1,0.98,0.8,1,1,1,0.0172764294478023,1
"affine",100,25,0.666666666666667,100123,0.98,1,0.98,0.8,1,1,1,0.0269063176378461,1
"affine",100,25,0.666666666666667,100124,0.97,0.979381443298969,0.95,0.7,1,1,0.974683544303797,0.0328809572880794,1
"affine",100,25,0.666666666666667,100125,0.98,1,0.98,0.8,1,1,1,0.034131648832684,1
"affine",100,25,0.666666666666667,100126,0.98,1,0.98,0.8,1,1,1,0.0253250525877439,1
"affine",100,25,0.666666666666667,100127,0.98,0.979591836734694,0.96,0.8,1,1,0.970149253731343,0.0326357260087847,1
"affine",100,25,0.666666666666667,100128,0.98,0.979591836734694,0.96,0.8,1,1,0.973684210526316,0.0362666513610873,1
"affine",100,25,0.666666666666667,100129,0.98,1,0.98,0.8,1,1,1,0.0394767528336743,1
"affine",100,25,0.666666666666667,100130,0.98,0.969387755102041,0.95,0.8,1,1,0.952380952380952,0.0345627254770275,1
"affine",100,25,0.666666666666667,100131,0.98,1,0.98,0.8,1,1,1,0.0212739622020962,1
"affine",100,25,0.666666666666667,100132,0.98,1,0.98,0.8,1,1,1,0.038529811716561,1
"affine",100,25,0.666666666666667,100133,0.98,1,0.98,0.8,1,1,1,0.0296915156620818,1
"affine",100,25,0.666666666666667,100134,0.98,1,0.98,0.8,1,1,1,0.0297445445129823,0.5
"affine",100,25,0.666666666666667,100135,0.98,1,0.98,0.8,1,1,1,0.021825679574369,1
"affine",100,25,0.666666666666667,100136,0.98,0.836734693877551,0.82,0.8,1,0.789473684210526,0.848101265822785,0.037897483204114,1
"affine",100,25,0.666666666666667,100137,0.98,1,0.98,0.8,1,1,1,0.0290195561472101,1
"affine",100,25,0.666666666666667,100138,0.99,1,0.99,0.9,1,1,1,0.0344495528960335,1
"affine",100,25,0.666666666666667,100139,0.98,1,0.98,0.8,1,1,1,0.0359444466951427,1
"affine",100,25,0.666666666666667,100140,0.98,1,0.98,0.8,1,1,1,0.0351613075944464,1
"affine",100,25,0.666666666666667,100141,0.98,1,0.98,0.8,1,1,1,0.0278092772575861,1
"affine",100,25,0.666666666666667,100142,0.98,0.989795918367347,0.97,0.8,1,1,0.984615384615385,0.0301102732031813,0.5
"affine",100,25,0.666666666666667,100143,0.98,0.806122448979592,0.79,0.8,1,0.966666666666667,0.735294117647059,0.0258024534928407,1
"affine",100,25,0.666666666666667,100144,0.98,1,0.98,0.8,1,1,1,0.0419747210569247,1
"affine",100,25,0.666666666666667,100145,0.99,0.98989898989899,0.98,0.9,1,1,0.985507246376812,0.0354156637114453,1
"affine",100,25,0.666666666666667,100146,0.98,1,0.98,0.8,1,1,1,0.0469374179586747,1
"affine",100,25,0.666666666666667,100147,0.98,1,0.98,0.8,1,1,1,0.0230710496128841,1
"affine",100,25,0.666666666666667,100148,0.98,1,0.98,0.8,1,1,1,0.0260219403060273,1
"affine",100,25,0.666666666666667,100149,0.97,1,0.97,0.7,1,1,1,0.0289761100119685,1
"affine",100,25,0.666666666666667,100150,0.98,1,0.98,0.8,1,1,1,0.0328713989770307,1
"affine",100,25,0.666666666666667,100151,0.99,0.98989898989899,0.98,0.9,1,1,0.984375,0.0295534163246549,1
"affine",100,25,0.666666666666667,100152,0.99,0.97979797979798,0.97,0.9,1,1,0.974025974025974,0.0590100733335155,1
"affine",100,25,0.666666666666667,100153,0.98,0.979591836734694,0.96,0.8,1,0.96969696969697,0.984615384615385,0.0238030819862926,1
"affine",100,25,0.666666666666667,100154,0.98,0.979591836734694,0.96,0.8,1,1,0.972222222222222,0.0334144761909638,1
"affine",100,25,0.666666666666667,100155,0.98,1,0.98,0.8,1,1,1,0.0437200902855331,1
"affine",100,25,0.666666666666667,100156,0.99,1,0.99,0.9,1,1,1,0.040616874751176,1
"affine",100,25,0.666666666666667,100157,0.97,1,0.97,0.7,1,1,1,0.0237537099862971,1
"affine",100,25,0.666666666666667,100158,0.98,0.969387755102041,0.95,0.8,1,1,0.957746478873239,0.0406193289390996,1
"affine",100,25,0.666666666666667,100159,0.98,0.714285714285714,0.7,0.8,1,0.758620689655172,0.695652173913043,0.0201153667937509,0.5
"affine",100,25,0.666666666666667,100160,0.98,0.989795918367347,0.97,0.8,1,1,0.986111111111111,0.0242411725626739,1
"affine",100,25,0.666666666666667,100161,0.98,1,0.98,0.8,1,1,1,0.0242238202001696,0.5
"affine",100,25,0.666666666666667,100162,0.98,0.989795918367347,0.97,0.8,1,1,0.986111111111111,0.0374309321396906,1
"affine",100,25,0.666666666666667,100163,0.98,1,0.98,0.8,1,1,1,0.0344767004639818,1
"affine",100,25,0.666666666666667,100164,0.98,1,0.98,0.8,1,1,1,0.0370274506643772,1
"affine",100,25,0.666666666666667,100165,0.99,0.98989898989899,0.98,0.9,1,1,0.985507246376812,0.0279433138341564,1
"affine",100,25,0.666666666666667,100166,0.98,1,0.98,0.8,1,1,1,0.0341442420592139,1
"affine",100,25,0.666666666666667,100167,0.98,1,0.98,0.8,1,1,1,0.0334273216233624,1
"affine",100,25,0.666666666666667,100168,0.98,0.979591836734694,0.96,0.8,1,1,0.975,0.0410287300831046,1
"affine",100,25,0.666666666666667,100169,0.98,1,0.98,0.8,1,1,1,0.0428573059413921,1
"affine",100,25,0.666666666666667,100170,0.98,0.938775510204082,0.92,0.8,1,1,0.918918918918919,0.0419322194830124,1
"affine",100,25,0.666666666666667,100171,0.98,0.989795918367347,0.97,0.8,1,1,0.985714285714286,0.0251333216605862,1
"affine",100,25,0.666666666666667,100172,0.98,1,0.98,0.8,1,1,1,0.0252186145220634,1
"affine",100,25,0.666666666666667,100173,0.98,1,0.98,0.8,1,1,1,0.0376991073842543,1
"affine",100,25,0.666666666666667,100174,0.97,1,0.97,0.7,1,1,1,0.0423449839497718,1
"affine",100,25,0.666666666666667,100175,0.98,0.989795918367347,0.97,0.8,1,1,0.986666666666667,0.041168448421985,1
"affine",100,25,0.666666666666667,100176,0.99,0.737373737373737,0.73,0.9,1,0.851851851851852,0.694444444444444,0.02340036289304,1
"affine",100,25,0.666666666666667,100177,0.98,1,0.98,0.8,1,1,1,0.0251085672710113,1
"affine",100,25,0.666666666666667,100178,0.98,1,0.98,0.8,1,1,1,0.0242173273407584,1
"affine",100,25,0.666666666666667,100179,0.98,1,0.98,0.8,1,1,1,0.0330724251515969,1
"affine",100,25,0.666666666666667,100180,0.98,1,0.98,0.8,1,1,1,0.0292833337517422,1
"affine",100,25,0.666666666666667,100181,0.98,1,0.98,0.8,1,1,1,0.0289158828047985,1
"affine",100,25,0.666666666666667,100182,0.99,0.98989898989899,0.98,0.9,1,1,0.986666666666667,0.0321840414191539,1
"affine",100,25,0.666666666666667,100183,0.98,1,0.98,0.8,1,1,1,0.0287387362312389,1
"affine",100,25,0.666666666666667,100184,0.98,1,0.98,0.8,1,1,1,0.0375760773927906,1
"affine",100,25,0.666666666666667,100185,0.98,1,0.98,0.8,1,1,1,0.0395472928866549,1
"affine",100,25,0.666666666666667,100186,0.97,0.711340206185567,0.69,0.7,1,0.807692307692308,0.676056338028169,0.0192301967420523,1
"affine",100,25,0.666666666666667,100187,0.98,0.989795918367347,0.97,0.8,1,0.961538461538462,1,0.0295630432779886,1
"affine",100,25,0.666666666666667,100188,0.98,1,0.98,0.8,1,1,1,0.0366347204864794,1
"affine",100,25,0.666666666666667,100189,0.99,0.98989898989899,0.98,0.9,1,1,0.987179487179487,0.033922247927465,1
"affine",100,25,0.666666666666667,100190,0.98,1,0.98,0.8,1,1,1,0.0271912633462094,1
"affine",100,25,0.666666666666667,100191,0.98,1,0.98,0.8,1,1,1,0.0328156369270214,1
"affine",100,25,0.666666666666667,100192,0.98,1,0.98,0.8,1,1,1,0.0252231276947418,1
"affine",100,25,0.666666666666667,100193,0.99,0.95959595959596,0.95,0.9,1,0.96875,0.955223880597015,0.0313112082946211,1
"affine",100,25,0.666666666666667,100194,0.98,1,0.98,0.8,1,1,1,0.0346975495942197,1
"affine",100,25,0.666666666666667,100195,0.99,1,0.99,0.9,1,1,1,0.034343829127908,1
"affine",100,25,0.666666666666667,100196,0.98,1,0.98,0.8,1,1,1,0.0282417598994422,1
"affine",100,25,0.666666666666667,100197,0.99,1,0.99,0.9,1,1,1,0.0270950444608821,1
"affine",100,25,0.666666666666667,100198,0.98,1,0.98,0.8,1,1,1,0.0252334137757207,1
"affine",100,25,0.666666666666667,100199,0.98,1,0.98,0.8,1,1,1,0.0283664848957781,1
"affine",100,25,0.666666666666667,100200,0.98,1,0.98,0.8,1,1,1,0.0477055566536717,1
"curved",100,25,0.666666666666667,1100001,0.98,0.897959183673469,0.88,0.8,1,0.838709677419355,0.925373134328358,0.0364090638947882,1
"curved",100,25,0.666666666666667,1100002,0.98,0.857142857142857,0.84,0.8,1,0.9375,0.818181818181818,0.0394074776494363,0.5
"curved",100,25,0.666666666666667,1100003,0.98,0.959183673469388,0.94,0.8,1,1,0.939393939393939,0.0514297404858404,1
"curved",100,25,0.666666666666667,1100004,0.98,0.989795918367347,0.97,0.8,1,1,0.984615384615385,0.0501605339778664,1
"curved",100,25,0.666666666666667,1100005,0.98,1,0.98,0.8,1,1,1,0.0491593541723771,1
"curved",100,25,0.666666666666667,1100006,0.98,0.938775510204082,0.92,0.8,1,1,0.91044776119403,0.0372218889794105,1
"curved",100,25,0.666666666666667,1100007,0.99,0.98989898989899,0.98,0.9,1,0.961538461538462,1,0.0626377897764376,1
"curved",100,25,0.666666666666667,1100008,0.98,0.969387755102041,0.95,0.8,1,1,0.956521739130435,0.044894604965841,1
"curved",100,25,0.666666666666667,1100009,0.98,0.948979591836735,0.93,0.8,1,0.9375,0.954545454545455,0.0478178312947792,1
"curved",100,25,0.666666666666667,1100010,0.98,1,0.98,0.8,1,1,1,0.0411592517400614,1
"curved",100,25,0.666666666666667,1100011,0.98,1,0.98,0.8,1,1,1,0.0524761855884492,0.5
"curved",100,25,0.666666666666667,1100012,0.98,1,0.98,0.8,1,1,1,0.038376441622505,1
"curved",100,25,0.666666666666667,1100013,0.98,0.775510204081633,0.76,0.8,1,0.84,0.753424657534247,0.0537040830139938,1
"curved",100,25,0.666666666666667,1100014,0.98,0.877551020408163,0.86,0.8,1,0.909090909090909,0.861538461538462,0.0469465023449318,1
"curved",100,25,0.666666666666667,1100015,0.98,0.571428571428571,0.56,0.8,1,0.75,0.513513513513513,0.0466694378310758,1
"curved",100,25,0.666666666666667,1100016,0.99,0.888888888888889,0.88,0.9,1,0.833333333333333,0.91304347826087,0.0459250923812334,1
"curved",100,25,0.666666666666667,1100017,0.98,1,0.98,0.8,1,1,1,0.042612956697375,1
"curved",100,25,0.666666666666667,1100018,0.98,1,0.98,0.8,1,1,1,0.0488254897187149,1
"curved",100,25,0.666666666666667,1100019,0.98,0.897959183673469,0.88,0.8,1,0.933333333333333,0.882352941176471,0.045085505503965,1
"curved",100,25,0.666666666666667,1100020,0.98,0.887755102040816,0.87,0.8,1,0.904761904761905,0.883116883116883,0.0528098605169718,1
"curved",100,25,0.666666666666667,1100021,0.98,1,0.98,0.8,1,1,1,0.0544355394213291,1
"curved",100,25,0.666666666666667,1100022,0.98,0.908163265306122,0.89,0.8,1,1,0.88,0.0518583812717514,1
"curved",100,25,0.666666666666667,1100023,0.98,0.795918367346939,0.78,0.8,1,0.764705882352941,0.8125,0.043344264148401,1
"curved",100,25,0.666666666666667,1100024,0.98,0.673469387755102,0.66,0.8,1,0.869565217391304,0.613333333333333,0.0510700751389989,0.5
"curved",100,25,0.666666666666667,1100025,0.98,0.877551020408163,0.86,0.8,1,0.870967741935484,0.880597014925373,0.052898109861434,1
"curved",100,25,0.666666666666667,1100026,0.99,0.858585858585859,0.85,0.9,1,0.866666666666667,0.855072463768116,0.0438598170191591,1
"curved",100,25,0.666666666666667,1100027,0.98,1,0.98,0.8,1,1,1,0.0515348241047155,1
"curved",100,25,0.666666666666667,1100028,0.98,0.938775510204082,0.92,0.8,1,0.857142857142857,0.961038961038961,0.0489241677631144,1
"curved",100,25,0.666666666666667,1100029,0.99,1,0.99,0.9,1,1,1,0.0481770673712993,1
"curved",100,25,0.666666666666667,1100030,0.98,1,0.98,0.8,1,1,1,0.0420835224732315,1
"curved",100,25,0.666666666666667,1100031,0.98,1,0.98,0.8,1,1,1,0.0454005860498055,1
"curved",100,25,0.666666666666667,1100032,0.98,1,0.98,0.8,1,1,1,0.0468393320262812,1
"curved",100,25,0.666666666666667,1100033,0.99,1,0.99,0.9,1,1,1,0.0440266648746965,1
"curved",100,25,0.666666666666667,1100034,0.98,0.938775510204082,0.92,0.8,1,0.933333333333333,0.941176470588235,0.0474322685339564,1
"curved",100,25,0.666666666666667,1100035,0.98,0.622448979591837,0.61,0.8,1,0.75,0.548387096774194,0.0344945568986463,1
"curved",100,25,0.666666666666667,1100036,0.98,1,0.98,0.8,1,1,1,0.0460211638146377,1
"curved",100,25,0.666666666666667,1100037,0.98,0.857142857142857,0.84,0.8,1,0.892857142857143,0.842857142857143,0.049309685209953,1
"curved",100,25,0.666666666666667,1100038,0.99,0.97979797979798,0.97,0.9,1,1,0.970588235294118,0.0519249317038805,1
"curved",100,25,0.666666666666667,1100039,0.98,0.785714285714286,0.77,0.8,1,0.862068965517241,0.753623188405797,0.0417539867907445,0
"curved",100,25,0.666666666666667,1100040,0.97,0.969072164948454,0.94,0.7,1,1,0.954545454545455,0.0563765812903615,0.5
"curved",100,25,0.666666666666667,1100041,0.98,0.938775510204082,0.92,0.8,1,1,0.921052631578947,0.0572576163794289,1
"curved",100,25,0.666666666666667,1100042,0.99,1,0.99,0.9,1,1,1,0.0543363671881184,1
"curved",100,25,0.666666666666667,1100043,0.98,0.673469387755102,0.66,0.8,1,0.763157894736842,0.616666666666667,0.0368576366161554,0.5
"curved",100,25,0.666666666666667,1100044,0.98,1,0.98,0.8,1,1,1,0.0466809229181248,1
"curved",100,25,0.666666666666667,1100045,0.98,0.979591836734694,0.96,0.8,1,1,0.96875,0.0550959465399025,1
"curved",100,25,0.666666666666667,1100046,0.98,1,0.98,0.8,1,1,1,0.0477641467151481,1
"curved",100,25,0.666666666666667,1100047,0.98,0.938775510204082,0.92,0.8,1,0.961538461538462,0.930555555555556,0.0398832231685404,1
"curved",100,25,0.666666666666667,1100048,0.99,0.98989898989899,0.98,0.9,1,1,0.985714285714286,0.0464307694318917,1
"curved",100,25,0.666666666666667,1100049,0.98,0.591836734693878,0.58,0.8,1,0.7,0.517241379310345,0.0315024917241824,0
"curved",100,25,0.666666666666667,1100050,0.98,0.877551020408163,0.86,0.8,1,0.833333333333333,0.897058823529412,0.0451833040150786,1
"curved",100,25,0.666666666666667,1100051,0.98,1,0.98,0.8,1,1,1,0.0460648720683425,1
"curved",100,25,0.666666666666667,1100052,0.98,0.744897959183674,0.73,0.8,1,0.884615384615385,0.694444444444444,0.0406108763235155,0.5
"curved",100,25,0.666666666666667,1100053,0.99,0.97979797979798,0.97,0.9,1,1,0.972972972972973,0.0575857923599208,1
"curved",100,25,0.666666666666667,1100054,0.98,0.836734693877551,0.82,0.8,1,0.866666666666667,0.823529411764706,0.0401567284328294,1
"curved",100,25,0.666666666666667,1100055,0.98,1,0.98,0.8,1,1,1,0.0453914036729253,1
"curved",100,25,0.666666666666667,1100056,0.98,1,0.98,0.8,1,1,1,0.0497711740093232,1
"curved",100,25,0.666666666666667,1100057,0.98,1,0.98,0.8,1,1,1,0.0406172554201069,1
"curved",100,25,0.666666666666667,1100058,0.98,0.887755102040816,0.87,0.8,1,0.852941176470588,0.90625,0.0391251173050804,1
"curved",100,25,0.666666666666667,1100059,0.98,0.918367346938776,0.9,0.8,1,0.928571428571429,0.914285714285714,0.0487785578630322,1
"curved",100,25,0.666666666666667,1100060,0.98,0.938775510204082,0.92,0.8,1,0.931034482758621,0.942028985507246,0.0405958687629413,1
"curved",100,25,0.666666666666667,1100061,0.98,0.979591836734694,0.96,0.8,1,0.966666666666667,0.985294117647059,0.0420048513792268,1
"curved",100,25,0.666666666666667,1100062,0.98,0.948979591836735,0.93,0.8,1,0.976190476190476,0.928571428571429,0.0318307278492906,0.5
"curved",100,25,0.666666666666667,1100063,0.98,0.938775510204082,0.92,0.8,1,0.96969696969697,0.923076923076923,0.0391570746879694,1
"curved",100,25,0.666666666666667,1100064,0.98,0.86734693877551,0.85,0.8,1,0.838709677419355,0.880597014925373,0.0389401729142069,0.5
"curved",100,25,0.666666666666667,1100065,0.98,1,0.98,0.8,1,1,1,0.047838587569991,1
"curved",100,25,0.666666666666667,1100066,0.98,0.673469387755102,0.66,0.8,1,0.730769230769231,0.652777777777778,0.0493711643937989,1
"curved",100,25,0.666666666666667,1100067,0.98,0.938775510204082,0.92,0.8,1,1,0.92,0.0508222512025791,1
"curved",100,25,0.666666666666667,1100068,0.98,1,0.98,0.8,1,1,1,0.0397040792381487,1
"curved",100,25,0.666666666666667,1100069,0.98,1,0.98,0.8,1,1,1,0.0426945396549696,1
"curved",100,25,0.666666666666667,1100070,0.98,1,0.98,0.8,1,1,1,0.0531870786444619,1
"curved",100,25,0.666666666666667,1100071,0.98,1,0.98,0.8,1,1,1,0.0404668244262789,1
"curved",100,25,0.666666666666667,1100072,0.98,0.806122448979592,0.79,0.8,1,1,0.72463768115942,0.0512873987257365,1
"curved",100,25,0.666666666666667,1100073,0.98,0.908163265306122,0.89,0.8,1,0.939393939393939,0.892307692307692,0.0430650940829072,1
"curved",100,25,0.666666666666667,1100074,0.98,0.908163265306122,0.89,0.8,1,0.964285714285714,0.885714285714286,0.0431048138024238,1
"curved",100,25,0.666666666666667,1100075,0.98,0.857142857142857,0.84,0.8,1,0.941176470588235,0.8125,0.0377130618772679,1
"curved",100,25,0.666666666666667,1100076,0.98,0.989795918367347,0.97,0.8,1,0.96969696969697,1,0.0413293185346155,1
"curved",100,25,0.666666666666667,1100077,0.98,0.979591836734694,0.96,0.8,1,1,0.972972972972973,0.0532162705407643,1
"curved",100,25,0.666666666666667,1100078,0.98,1,0.98,0.8,1,1,1,0.0481913545942399,1
"curved",100,25,0.666666666666667,1100079,0.98,1,0.98,0.8,1,1,1,0.0365358876946212,1
"curved",100,25,0.666666666666667,1100080,0.98,0.785714285714286,0.77,0.8,1,0.823529411764706,0.765625,0.0484528446051326,1
"curved",100,25,0.666666666666667,1100081,0.98,1,0.98,0.8,1,1,1,0.0579572570461828,1
"curved",100,25,0.666666666666667,1100082,0.98,0.887755102040816,0.87,0.8,1,0.896551724137931,0.884057971014493,0.0438766428997974,1
"curved",100,25,0.666666666666667,1100083,0.98,1,0.98,0.8,1,1,1,0.049441277566706,1
"curved",100,25,0.666666666666667,1100084,0.98,0.979591836734694,0.96,0.8,1,1,0.971014492753623,0.0484993195474381,1
"curved",100,25,0.666666666666667,1100085,0.98,0.887755102040816,0.87,0.8,1,0.95,0.844827586206897,0.0318807278838434,1
"curved",100,25,0.666666666666667,1100086,0.97,0.979381443298969,0.95,0.7,1,1,0.971014492753623,0.0416583472509899,1
"curved",100,25,0.666666666666667,1100087,0.98,0.826530612244898,0.81,0.8,1,0.814814814814815,0.830985915492958,0.0463684379269871,0.5
"curved",100,25,0.666666666666667,1100088,0.98,1,0.98,0.8,1,1,1,0.0511189964150799,1
"curved",100,25,0.666666666666667,1100089,0.97,1,0.97,0.7,1,1,1,0.0462507566337732,1
"curved",100,25,0.666666666666667,1100090,0.98,0.989795918367347,0.97,0.8,1,1,0.984615384615385,0.0431303903702702,1
"curved",100,25,0.666666666666667,1100091,0.97,1,0.97,0.7,1,1,1,0.064402552827117,1
"curved",100,25,0.666666666666667,1100092,0.98,0.897959183673469,0.88,0.8,1,0.921052631578947,0.883333333333333,0.0364070382991757,1
"curved",100,25,0.666666666666667,1100093,0.98,0.663265306122449,0.65,0.8,1,0.75,0.635135135135135,0.0471759414153603,1
"curved",100,25,0.666666666666667,1100094,0.98,0.877551020408163,0.86,0.8,1,0.964285714285714,0.842857142857143,0.0508822570569243,0.5
"curved",100,25,0.666666666666667,1100095,0.98,0.989795918367347,0.97,0.8,1,1,0.985714285714286,0.0535417962344431,1
"curved",100,25,0.666666666666667,1100096,0.98,1,0.98,0.8,1,1,1,0.0422734975915268,1
"curved",100,25,0.666666666666667,1100097,0.98,0.908163265306122,0.89,0.8,1,1,0.878378378378378,0.0423646511526253,1
"curved",100,25,0.666666666666667,1100098,0.98,1,0.98,0.8,1,1,1,0.0403397827167633,1
"curved",100,25,0.666666666666667,1100099,0.99,1,0.99,0.9,1,1,1,0.0493197803256942,1
"curved",100,25,0.666666666666667,1100100,0.98,1,0.98,0.8,1,1,1,0.0538639587540599,1
"curved",100,25,0.666666666666667,1100101,0.97,0.649484536082474,0.63,0.7,1,0.782608695652174,0.608108108108108,0.0527254711077477,1
"curved",100,25,0.666666666666667,1100102,0.98,0.908163265306122,0.89,0.8,1,0.923076923076923,0.902777777777778,0.0519030300137395,1
"curved",100,25,0.666666666666667,1100103,0.99,0.96969696969697,0.96,0.9,1,0.96969696969697,0.96969696969697,0.0410098093503904,1
"curved",100,25,0.666666666666667,1100104,0.98,0.887755102040816,0.87,0.8,1,0.96969696969697,0.846153846153846,0.042090556422934,1
"curved",100,25,0.666666666666667,1100105,0.98,0.877551020408163,0.86,0.8,1,0.896551724137931,0.869565217391304,0.044850903004313,1
"curved",100,25,0.666666666666667,1100106,0.98,1,0.98,0.8,1,1,1,0.0513429081825636,1
"curved",100,25,0.666666666666667,1100107,0.98,0.673469387755102,0.66,0.8,1,0.75,0.648648648648649,0.0482355786107855,0
"curved",100,25,0.666666666666667,1100108,0.98,0.816326530612245,0.8,0.8,1,0.875,0.775862068965517,0.0395027750246379,0.5
"curved",100,25,0.666666666666667,1100109,0.98,0.938775510204082,0.92,0.8,1,0.956521739130435,0.933333333333333,0.0496212577241165,0.5
"curved",100,25,0.666666666666667,1100110,0.98,0.908163265306122,0.89,0.8,1,0.921052631578947,0.9,0.0342382299456401,1
"curved",100,25,0.666666666666667,1100111,0.99,1,0.99,0.9,1,1,1,0.0499283142770012,1
"curved",100,25,0.666666666666667,1100112,0.99,1,0.99,0.9,1,1,1,0.0439798978198425,1
"curved",100,25,0.666666666666667,1100113,0.98,0.979591836734694,0.96,0.8,1,1,0.96875,0.0367366348362264,1
"curved",100,25,0.666666666666667,1100114,0.98,0.86734693877551,0.85,0.8,1,0.941176470588235,0.828125,0.0385696060757037,1
"curved",100,25,0.666666666666667,1100115,0.98,1,0.98,0.8,1,1,1,0.0600109688745314,1
"curved",100,25,0.666666666666667,1100116,0.98,0.969387755102041,0.95,0.8,1,1,0.956521739130435,0.0476412018831605,0.5
"curved",100,25,0.666666666666667,1100117,0.98,0.918367346938776,0.9,0.8,1,0.947368421052632,0.9,0.0323377790128596,1
"curved",100,25,0.666666666666667,1100118,0.99,1,0.99,0.9,1,1,1,0.0520952278250554,1
"curved",100,25,0.666666666666667,1100119,0.98,0.969387755102041,0.95,0.8,1,0.96969696969697,0.969230769230769,0.0477718680929277,1
"curved",100,25,0.666666666666667,1100120,0.98,0.948979591836735,0.93,0.8,1,0.952380952380952,0.948051948051948,0.0493350494004908,1
"curved",100,25,0.666666666666667,1100121,0.98,0.928571428571429,0.91,0.8,1,0.967741935483871,0.91044776119403,0.0392644541339742,1
"curved",100,25,0.666666666666667,1100122,0.98,0.969387755102041,0.95,0.8,1,1,0.959459459459459,0.0431609758803892,1
"curved",100,25,0.666666666666667,1100123,0.98,0.918367346938776,0.9,0.8,1,0.96875,0.893939393939394,0.0428345147821074,1
"curved",100,25,0.666666666666667,1100124,0.98,1,0.98,0.8,1,1,1,0.0450871838442133,1
"curved",100,25,0.666666666666667,1100125,0.98,0.938775510204082,0.92,0.8,1,1,0.903225806451613,0.0369473752671544,1
"curved",100,25,0.666666666666667,1100126,0.98,0.816326530612245,0.8,0.8,1,1,0.772151898734177,0.0511931467264601,0.5
"curved",100,25,0.666666666666667,1100127,0.98,0.86734693877551,0.85,0.8,1,0.96969696969697,0.815384615384615,0.0377112120493951,1
"curved",100,25,0.666666666666667,1100128,0.98,0.877551020408163,0.86,0.8,1,0.90625,0.863636363636364,0.0466570782543146,1
"curved",100,25,0.666666666666667,1100129,0.98,0.979591836734694,0.96,0.8,1,1,0.967213114754098,0.0469498770445728,1
"curved",100,25,0.666666666666667,1100130,0.98,1,0.98,0.8,1,1,1,0.0394070566744476,1
"curved",100,25,0.666666666666667,1100131,0.98,0.908163265306122,0.89,0.8,1,0.923076923076923,0.902777777777778,0.0494485865175858,1
"curved",100,25,0.666666666666667,1100132,0.98,0.908163265306122,0.89,0.8,1,0.933333333333333,0.897058823529412,0.0372428146027078,1
"curved",100,25,0.666666666666667,1100133,0.98,0.959183673469388,0.94,0.8,1,0.970588235294118,0.953125,0.0398542868076903,0.5
"curved",100,25,0.666666666666667,1100134,0.98,0.551020408163265,0.54,0.8,1,0.592592592592593,0.535211267605634,0.0415241010414088,0
"curved",100,25,0.666666666666667,1100135,0.98,1,0.98,0.8,1,1,1,0.0596457982821602,1
"curved",100,25,0.666666666666667,1100136,0.98,1,0.98,0.8,1,1,1,0.0558118899381729,1
"curved",100,25,0.666666666666667,1100137,0.98,1,0.98,0.8,1,1,1,0.043747134001298,1
"curved",100,25,0.666666666666667,1100138,0.98,1,0.98,0.8,1,1,1,0.0485118853018475,1
"curved",100,25,0.666666666666667,1100139,0.98,0.489795918367347,0.48,0.8,1,0.5,0.486111111111111,0.0466326722863042,0.5
"curved",100,25,0.666666666666667,1100140,0.98,0.86734693877551,0.85,0.8,1,0.961538461538462,0.833333333333333,0.0465686774329305,1
"curved",100,25,0.666666666666667,1100141,0.98,1,0.98,0.8,1,1,1,0.0618317758521962,1
"curved",100,25,0.666666666666667,1100142,0.98,0.683673469387755,0.67,0.8,1,0.869565217391304,0.626666666666667,0.0538973408769184,0.5
"curved",100,25,0.666666666666667,1100143,0.97,0.824742268041237,0.8,0.7,1,0.894736842105263,0.807692307692308,0.0474598714199236,1
"curved",100,25,0.666666666666667,1100144,0.99,1,0.99,0.9,1,1,1,0.0380703293492274,1
"curved",100,25,0.666666666666667,1100145,0.98,1,0.98,0.8,1,1,1,0.0548874712120446,1
"curved",100,25,0.666666666666667,1100146,0.99,0.828282828282828,0.82,0.9,1,0.8,0.840579710144927,0.0450598238488852,1
"curved",100,25,0.666666666666667,1100147,0.97,1,0.97,0.7,1,1,1,0.0611897704820586,1
"curved",100,25,0.666666666666667,1100148,0.99,0.98989898989899,0.98,0.9,1,1,0.984848484848485,0.0470067210332623,1
"curved",100,25,0.666666666666667,1100149,0.98,0.928571428571429,0.91,0.8,1,0.851851851851852,0.957746478873239,0.0438686067688408,0.5
"curved",100,25,0.666666666666667,1100150,0.98,1,0.98,0.8,1,1,1,0.0498738852237686,1
"curved",100,25,0.666666666666667,1100151,0.98,0.704081632653061,0.69,0.8,1,0.857142857142857,0.662337662337662,0.0447966246989424,0
"curved",100,25,0.666666666666667,1100152,0.98,1,0.98,0.8,1,1,1,0.0453875670228269,1
"curved",100,25,0.666666666666667,1100153,0.98,1,0.98,0.8,1,1,1,0.0482784867806027,1
"curved",100,25,0.666666666666667,1100154,0.98,1,0.98,0.8,1,1,1,0.0406445024179874,1
"curved",100,25,0.666666666666667,1100155,0.98,1,0.98,0.8,1,1,1,0.043091525334273,1
"curved",100,25,0.666666666666667,1100156,0.97,1,0.97,0.7,1,1,1,0.047641148634986,1
"curved",100,25,0.666666666666667,1100157,0.98,1,0.98,0.8,1,1,1,0.045154085794182,1
"curved",100,25,0.666666666666667,1100158,0.98,0.877551020408163,0.86,0.8,1,0.925925925925926,0.859154929577465,0.0425301875246866,1
"curved",100,25,0.666666666666667,1100159,0.98,1,0.98,0.8,1,1,1,0.038677729192882,1
"curved",100,25,0.666666666666667,1100160,0.98,1,0.98,0.8,1,1,1,0.0524223786296268,1
"curved",100,25,0.666666666666667,1100161,0.98,0.959183673469388,0.94,0.8,1,1,0.944444444444444,0.0509708191199518,1
"curved",100,25,0.666666666666667,1100162,0.97,0.804123711340206,0.78,0.7,1,0.866666666666667,0.776119402985075,0.041728900260653,1
"curved",100,25,0.666666666666667,1100163,0.98,0.938775510204082,0.92,0.8,1,0.947368421052632,0.933333333333333,0.034914562434919,1
"curved",100,25,0.666666666666667,1100164,0.98,0.979591836734694,0.96,0.8,1,0.967741935483871,0.985074626865672,0.044023913606101,1
"curved",100,25,0.666666666666667,1100165,0.98,0.918367346938776,0.9,0.8,1,0.909090909090909,0.923076923076923,0.0450846725956994,1
"curved",100,25,0.666666666666667,1100166,0.97,1,0.97,0.7,1,1,1,0.0442622797249392,1
"curved",100,25,0.666666666666667,1100167,0.97,1,0.97,0.7,1,1,1,0.0523540609704369,1
"curved",100,25,0.666666666666667,1100168,0.98,0.969387755102041,0.95,0.8,1,1,0.955223880597015,0.0556885770448037,1
"curved",100,25,0.666666666666667,1100169,0.98,0.816326530612245,0.8,0.8,1,0.71875,0.863636363636364,0.0415531801534025,0.5
"curved",100,25,0.666666666666667,1100170,0.98,1,0.98,0.8,1,1,1,0.0514766790714183,1
"curved",100,25,0.666666666666667,1100171,0.98,0.908163265306122,0.89,0.8,1,1,0.878378378378378,0.0463746708856787,1
"curved",100,25,0.666666666666667,1100172,0.98,0.908163265306122,0.89,0.8,1,0.928571428571429,0.9,0.0494230382538636,0.5
"curved",100,25,0.666666666666667,1100173,0.98,0.989795918367347,0.97,0.8,1,1,0.986842105263158,0.0534998467462565,1
"curved",100,25,0.666666666666667,1100174,0.98,0.948979591836735,0.93,0.8,1,1,0.934210526315789,0.0463945812750906,1
"curved",100,25,0.666666666666667,1100175,0.98,0.908163265306122,0.89,0.8,1,0.916666666666667,0.903225806451613,0.0443936764963299,0.5
"curved",100,25,0.666666666666667,1100176,0.98,0.795918367346939,0.78,0.8,1,0.928571428571429,0.742857142857143,0.0504547934029701,1
"curved",100,25,0.666666666666667,1100177,0.98,0.683673469387755,0.67,0.8,1,0.8,0.643835616438356,0.046157219615274,0
"curved",100,25,0.666666666666667,1100178,0.98,1,0.98,0.8,1,1,1,0.0361852102140446,1
"curved",100,25,0.666666666666667,1100179,0.98,1,0.98,0.8,1,1,1,0.0553884637930922,1
"curved",100,25,0.666666666666667,1100180,0.98,0.959183673469388,0.94,0.8,1,1,0.940298507462687,0.049361754390183,1
"curved",100,25,0.666666666666667,1100181,0.98,0.857142857142857,0.84,0.8,1,0.931034482758621,0.826086956521739,0.0485755973105959,1
"curved",100,25,0.666666666666667,1100182,0.98,0.826530612244898,0.81,0.8,1,0.771428571428571,0.857142857142857,0.0431383117747817,1
"curved",100,25,0.666666666666667,1100183,0.98,0.979591836734694,0.96,0.8,1,1,0.973333333333333,0.0485539910679876,1
"curved",100,25,0.666666666666667,1100184,0.98,0.979591836734694,0.96,0.8,1,1,0.971830985915493,0.0432968351589025,1
"curved",100,25,0.666666666666667,1100185,0.98,0.775510204081633,0.76,0.8,1,0.833333333333333,0.75,0.0483232993062824,1
"curved",100,25,0.666666666666667,1100186,0.98,0.826530612244898,0.81,0.8,1,0.866666666666667,0.808823529411765,0.0472620096678918,1
"curved",100,25,0.666666666666667,1100187,0.99,0.98989898989899,0.98,0.9,1,1,0.986301369863014,0.0479193714364934,1
"curved",100,25,0.666666666666667,1100188,0.98,0.806122448979592,0.79,0.8,1,1,0.753246753246753,0.0573590457418792,1
"curved",100,25,0.666666666666667,1100189,0.98,0.877551020408163,0.86,0.8,1,0.882352941176471,0.875,0.0411889385048326,1
"curved",100,25,0.666666666666667,1100190,0.98,1,0.98,0.8,1,1,1,0.047555658762114,1
"curved",100,25,0.666666666666667,1100191,0.98,0.979591836734694,0.96,0.8,1,0.96551724137931,0.985507246376812,0.0493737878053769,1
"curved",100,25,0.666666666666667,1100192,0.99,0.909090909090909,0.9,0.9,1,0.851851851851852,0.930555555555556,0.0413940973963649,1
"curved",100,25,0.666666666666667,1100193,0.98,0.826530612244898,0.81,0.8,1,0.793103448275862,0.840579710144927,0.0425128451960006,1
"curved",100,25,0.666666666666667,1100194,0.98,1,0.98,0.8,1,1,1,0.0560748575508656,1
"curved",100,25,0.666666666666667,1100195,0.99,1,0.99,0.9,1,1,1,0.0491498097946061,1
"curved",100,25,0.666666666666667,1100196,0.98,1,0.98,0.8,1,1,1,0.0581498962415234,1
"curved",100,25,0.666666666666667,1100197,0.98,1,0.98,0.8,1,1,1,0.0429852932180251,1
"curved",100,25,0.666666666666667,1100198,0.98,1,0.98,0.8,1,1,1,0.0486970894849394,1
"curved",100,25,0.666666666666667,1100199,0.99,0.95959595959596,0.95,0.9,1,0.970588235294118,0.953846153846154,0.0359604453606983,1
"curved",100,25,0.666666666666667,1100200,0.98,0.969387755102041,0.95,0.8,1,1,0.954545454545455,0.0542278403583514,1
"affine",100,16,0.666666666666667,100001,0.97,1,0.97,0.7,1,1,1,0.0348915362898139,1
"affine",100,16,0.666666666666667,100002,0.97,1,0.97,0.7,1,1,1,0.0294572413102153,1
"affine",100,16,0.666666666666667,100003,0.97,1,0.97,0.7,1,1,1,0.0350445572944941,1
"affine",100,16,0.666666666666667,100004,0.96,1,0.96,0.6,1,1,1,0.0318266022101903,1
"affine",100,16,0.666666666666667,100005,0.96,0.979166666666667,0.94,0.6,1,1,0.971830985915493,0.0386277528301527,1
"affine",100,16,0.666666666666667,100006,0.97,1,0.97,0.7,1,1,1,0.0439224336231748,1
"affine",100,16,0.666666666666667,100007,0.97,1,0.97,0.7,1,1,1,0.0410096850864053,1
"affine",100,16,0.666666666666667,100008,0.96,1,0.96,0.6,1,1,1,0.0416899527503868,1
"affine",100,16,0.666666666666667,100009,0.96,1,0.96,0.6,1,1,1,0.0404357907571316,1
"affine",100,16,0.666666666666667,100010,0.96,0.979166666666667,0.94,0.6,1,1,0.969230769230769,0.0325975681122463,0.5
"affine",100,16,0.666666666666667,100011,0.96,0.989583333333333,0.95,0.6,1,1,0.985294117647059,0.0411999553339283,1
"affine",100,16,0.666666666666667,100012,0.97,0.969072164948454,0.94,0.7,1,1,0.958904109589041,0.0416468603350134,1
"affine",100,16,0.666666666666667,100013,0.97,1,0.97,0.7,1,1,1,0.0342689252680841,1
"affine",100,16,0.666666666666667,100014,0.96,0.958333333333333,0.92,0.6,1,1,0.947368421052632,0.0525453459452135,1
"affine",100,16,0.666666666666667,100015,0.96,0.989583333333333,0.95,0.6,1,1,0.983333333333333,0.0311082533828411,1
"affine",100,16,0.666666666666667,100016,0.96,1,0.96,0.6,1,1,1,0.0424069750555932,1
"affine",100,16,0.666666666666667,100017,0.96,1,0.96,0.6,1,1,1,0.0466647080097647,1
"affine",100,16,0.666666666666667,100018,0.97,1,0.97,0.7,1,1,1,0.0532541668952413,1
"affine",100,16,0.666666666666667,100019,0.96,1,0.96,0.6,1,1,1,0.058900994783095,1
"affine",100,16,0.666666666666667,100020,0.96,0.895833333333333,0.86,0.6,1,0.962962962962963,0.869565217391304,0.0584045221403862,0.5
"affine",100,16,0.666666666666667,100021,0.97,1,0.97,0.7,1,1,1,0.0339553877428521,1
"affine",100,16,0.666666666666667,100022,0.97,0.979381443298969,0.95,0.7,1,0.96875,0.984615384615385,0.0408164215594835,1
"affine",100,16,0.666666666666667,100023,0.97,1,0.97,0.7,1,1,1,0.0281297071068055,1
"affine",100,16,0.666666666666667,100024,0.96,1,0.96,0.6,1,1,1,0.0519647554284161,1
"affine",100,16,0.666666666666667,100025,0.97,0.969072164948454,0.94,0.7,1,1,0.955223880597015,0.041156076305782,1
"affine",100,16,0.666666666666667,100026,0.96,1,0.96,0.6,1,1,1,0.0385432507875355,1
"affine",100,16,0.666666666666667,100027,0.97,1,0.97,0.7,1,1,1,0.060071628467334,1
"affine",100,16,0.666666666666667,100028,0.97,1,0.97,0.7,1,1,1,0.0471208365674765,1
"affine",100,16,0.666666666666667,100029,0.97,1,0.97,0.7,1,1,1,0.0672551248405741,1
"affine",100,16,0.666666666666667,100030,0.96,1,0.96,0.6,1,1,1,0.04263012761114,1
"affine",100,16,0.666666666666667,100031,0.97,1,0.97,0.7,1,1,1,0.0361991570232919,1
"affine",100,16,0.666666666666667,100032,0.96,1,0.96,0.6,1,1,1,0.0464063088644989,1
"affine",100,16,0.666666666666667,100033,0.97,1,0.97,0.7,1,1,1,0.0817525078629786,1
"affine",100,16,0.666666666666667,100034,0.96,0.979166666666667,0.94,0.6,1,0.966666666666667,0.984848484848485,0.0385467431765272,1
"affine",100,16,0.666666666666667,100035,0.97,1,0.97,0.7,1,1,1,0.040142211470179,1
"affine",100,16,0.666666666666667,100036,0.96,1,0.96,0.6,1,1,1,0.0415690761494817,1
"affine",100,16,0.666666666666667,100037,0.97,1,0.97,0.7,1,1,1,0.0375388453884847,1
"affine",100,16,0.666666666666667,100038,0.97,1,0.97,0.7,1,1,1,0.0572954990607704,1
"affine",100,16,0.666666666666667,100039,0.97,1,0.97,0.7,1,1,1,0.0475482853614936,1
"affine",100,16,0.666666666666667,100040,0.97,1,0.97,0.7,1,1,1,0.0285922822163025,1
"affine",100,16,0.666666666666667,100041,0.96,1,0.96,0.6,1,1,1,0.0635529423743149,1
"affine",100,16,0.666666666666667,100042,0.97,1,0.97,0.7,1,1,1,0.0375831990860852,1
"affine",100,16,0.666666666666667,100043,0.97,1,0.97,0.7,1,1,1,0.0645409444039093,1
"affine",100,16,0.666666666666667,100044,0.97,1,0.97,0.7,1,1,1,0.0362308420502484,1
"affine",100,16,0.666666666666667,100045,0.96,1,0.96,0.6,1,1,1,0.0511092441331364,1
"affine",100,16,0.666666666666667,100046,0.97,0.989690721649485,0.96,0.7,1,0.970588235294118,1,0.0385062641134942,1
"affine",100,16,0.666666666666667,100047,0.97,0.989690721649485,0.96,0.7,1,1,0.985714285714286,0.0508193537833165,1
"affine",100,16,0.666666666666667,100048,0.97,1,0.97,0.7,1,1,1,0.0393818536904439,1
"affine",100,16,0.666666666666667,100049,0.97,0.865979381443299,0.84,0.7,1,0.96,0.833333333333333,0.0424582816641704,1
"affine",100,16,0.666666666666667,100050,0.97,0.938144329896907,0.91,0.7,1,1,0.914285714285714,0.0551700255757213,1
"affine",100,16,0.666666666666667,100051,0.97,1,0.97,0.7,1,1,1,0.0577293266536959,1
"affine",100,16,0.666666666666667,100052,0.96,1,0.96,0.6,1,1,1,0.0453116797951909,1
"affine",100,16,0.666666666666667,100053,0.96,1,0.96,0.6,1,1,1,0.0489209346915903,1
"affine",100,16,0.666666666666667,100054,0.97,1,0.97,0.7,1,1,1,0.0753020721919615,1
"affine",100,16,0.666666666666667,100055,0.96,0.979166666666667,0.94,0.6,1,0.96875,0.984375,0.0389239504352961,1
"affine",100,16,0.666666666666667,100056,0.97,0.989690721649485,0.96,0.7,1,1,0.984126984126984,0.0482252764910458,1
"affine",100,16,0.666666666666667,100057,0.97,1,0.97,0.7,1,1,1,0.0566552459163528,1
"affine",100,16,0.666666666666667,100058,0.97,1,0.97,0.7,1,1,1,0.0290799142430292,1
"affine",100,16,0.666666666666667,100059,0.97,1,0.97,0.7,1,1,1,0.0292360645179748,1
"affine",100,16,0.666666666666667,100060,0.97,1,0.97,0.7,1,1,1,0.0347628043910144,1
"affine",100,16,0.666666666666667,100061,0.97,0.979381443298969,0.95,0.7,1,1,0.972602739726027,0.0516100413229685,1
"affine",100,16,0.666666666666667,100062,0.97,1,0.97,0.7,1,1,1,0.026945972314002,1
"affine",100,16,0.666666666666667,100063,0.97,0.865979381443299,0.84,0.7,1,0.964285714285714,0.826086956521739,0.0269103790058936,1
"affine",100,16,0.666666666666667,100064,0.95,1,0.95,0.5,1,1,1,0.0483735458706499,1
"affine",100,16,0.666666666666667,100065,0.96,1,0.96,0.6,1,1,1,0.0437465899559104,1
"affine",100,16,0.666666666666667,100066,0.96,0.989583333333333,0.95,0.6,1,1,0.985294117647059,0.0347549357423103,1
"affine",100,16,0.666666666666667,100067,0.97,1,0.97,0.7,1,1,1,0.0420659456193958,1
"affine",100,16,0.666666666666667,100068,0.97,1,0.97,0.7,1,1,1,0.0475030672542365,1
"affine",100,16,0.666666666666667,100069,0.97,0.979381443298969,0.95,0.7,1,0.964285714285714,0.985507246376812,0.0431417700412737,1
"affine",100,16,0.666666666666667,100070,0.96,1,0.96,0.6,1,1,1,0.0353100284672442,1
"affine",100,16,0.666666666666667,100071,0.96,1,0.96,0.6,1,1,1,0.0376755962337761,1
"affine",100,16,0.666666666666667,100072,0.96,1,0.96,0.6,1,1,1,0.0355753964985352,1
"affine",100,16,0.666666666666667,100073,0.96,1,0.96,0.6,1,1,1,0.0340398095273038,1
"affine",100,16,0.666666666666667,100074,0.97,1,0.97,0.7,1,1,1,0.0584435361887912,1
"affine",100,16,0.666666666666667,100075,0.97,1,0.97,0.7,1,1,1,0.0370097298317358,1
"affine",100,16,0.666666666666667,100076,0.96,1,0.96,0.6,1,1,1,0.0424786744744203,1
"affine",100,16,0.666666666666667,100077,0.96,1,0.96,0.6,1,1,1,0.0360057108396102,1
"affine",100,16,0.666666666666667,100078,0.97,1,0.97,0.7,1,1,1,0.0422421112230518,1
"affine",100,16,0.666666666666667,100079,0.96,1,0.96,0.6,1,1,1,0.0533678614588078,1
"affine",100,16,0.666666666666667,100080,0.96,1,0.96,0.6,1,1,1,0.0421942884496836,1
"affine",100,16,0.666666666666667,100081,0.97,1,0.97,0.7,1,1,1,0.0493478714816116,1
"affine",100,16,0.666666666666667,100082,0.96,1,0.96,0.6,1,1,1,0.0589076521867272,1
"affine",100,16,0.666666666666667,100083,0.96,1,0.96,0.6,1,1,1,0.0571482611253103,1
"affine",100,16,0.666666666666667,100084,0.96,1,0.96,0.6,1,1,1,0.0429099269397159,1
"affine",100,16,0.666666666666667,100085,0.97,1,0.97,0.7,1,1,1,0.0491369959657647,1
"affine",100,16,0.666666666666667,100086,0.97,1,0.97,0.7,1,1,1,0.0399924953156445,1
"affine",100,16,0.666666666666667,100087,0.96,1,0.96,0.6,1,1,1,0.0663188073767936,1
"affine",100,16,0.666666666666667,100088,0.96,1,0.96,0.6,1,1,1,0.0397349524883205,1
"affine",100,16,0.666666666666667,100089,0.96,1,0.96,0.6,1,1,1,0.0349139413050564,1
"affine",100,16,0.666666666666667,100090,0.97,1,0.97,0.7,1,1,1,0.0370500569362852,1
"affine",100,16,0.666666666666667,100091,0.96,0.989583333333333,0.95,0.6,1,1,0.986111111111111,0.0398546780055407,1
"affine",100,16,0.666666666666667,100092,0.97,0.907216494845361,0.88,0.7,1,1,0.883116883116883,0.0599104891339882,1
"affine",100,16,0.666666666666667,100093,0.97,1,0.97,0.7,1,1,1,0.0537205545504222,1
"affine",100,16,0.666666666666667,100094,0.97,1,0.97,0.7,1,1,1,0.0540233264570925,1
"affine",100,16,0.666666666666667,100095,0.95,1,0.95,0.5,1,1,1,0.0493454602162293,1
"affine",100,16,0.666666666666667,100096,0.97,1,0.97,0.7,1,1,1,0.042149219436688,1
"affine",100,16,0.666666666666667,100097,0.97,1,0.97,0.7,1,1,1,0.0391992445178155,1
"affine",100,16,0.666666666666667,100098,0.96,1,0.96,0.6,1,1,1,0.0455657515094763,1
"affine",100,16,0.666666666666667,100099,0.97,1,0.97,0.7,1,1,1,0.058677782079109,1
"affine",100,16,0.666666666666667,100100,0.96,1,0.96,0.6,1,1,1,0.0457352804326847,1
"affine",100,16,0.666666666666667,100101,0.97,1,0.97,0.7,1,1,1,0.048796690221578,1
"affine",100,16,0.666666666666667,100102,0.96,0.927083333333333,0.89,0.6,1,1,0.892307692307692,0.0401026195199776,1
"affine",100,16,0.666666666666667,100103,0.97,1,0.97,0.7,1,1,1,0.05842932929418,1
"affine",100,16,0.666666666666667,100104,0.97,1,0.97,0.7,1,1,1,0.053902142712601,1
"affine",100,16,0.666666666666667,100105,0.96,0.927083333333333,0.89,0.6,1,0.90625,0.9375,0.0411726131403716,1
"affine",100,16,0.666666666666667,100106,0.96,1,0.96,0.6,1,1,1,0.0307294346339261,1
"affine",100,16,0.666666666666667,100107,0.97,1,0.97,0.7,1,1,1,0.0683028242011627,1
"affine",100,16,0.666666666666667,100108,0.97,1,0.97,0.7,1,1,1,0.0443620031135921,1
"affine",100,16,0.666666666666667,100109,0.97,0.979381443298969,0.95,0.7,1,1,0.970149253731343,0.0633979912895245,1
"affine",100,16,0.666666666666667,100110,0.96,1,0.96,0.6,1,1,1,0.0393158650586945,1
"affine",100,16,0.666666666666667,100111,0.96,0.96875,0.93,0.6,1,1,0.952380952380952,0.0351502525661654,1
"affine",100,16,0.666666666666667,100112,0.97,1,0.97,0.7,1,1,1,0.0515861182477891,1
"affine",100,16,0.666666666666667,100113,0.96,1,0.96,0.6,1,1,1,0.0438994897248086,1
"affine",100,16,0.666666666666667,100114,0.97,1,0.97,0.7,1,1,1,0.0447393658536478,1
"affine",100,16,0.666666666666667,100115,0.96,1,0.96,0.6,1,1,1,0.0502778601667573,1
"affine",100,16,0.666666666666667,100116,0.97,1,0.97,0.7,1,1,1,0.0381777126780866,1
"affine",100,16,0.666666666666667,100117,0.97,0.989690721649485,0.96,0.7,1,1,0.985507246376812,0.056023009955889,1
"affine",100,16,0.666666666666667,100118,0.96,1,0.96,0.6,1,1,1,0.0521967358963057,1
"affine",100,16,0.666666666666667,100119,0.97,1,0.97,0.7,1,1,1,0.0473396776394118,1
"affine",100,16,0.666666666666667,100120,0.96,1,0.96,0.6,1,1,1,0.0331727114663256,1
"affine",100,16,0.666666666666667,100121,0.97,1,0.97,0.7,1,1,1,0.0424815972564953,1
"affine",100,16,0.666666666666667,100122,0.96,1,0.96,0.6,1,1,1,0.029712885610855,1
"affine",100,16,0.666666666666667,100123,0.97,1,0.97,0.7,1,1,1,0.0427435147176475,1
"affine",100,16,0.666666666666667,100124,0.97,0.979381443298969,0.95,0.7,1,1,0.974683544303797,0.0398291441853074,1
"affine",100,16,0.666666666666667,100125,0.97,1,0.97,0.7,1,1,1,0.0395597365529555,1
"affine",100,16,0.666666666666667,100126,0.97,1,0.97,0.7,1,1,1,0.0344839045428091,1
"affine",100,16,0.666666666666667,100127,0.96,0.979166666666667,0.94,0.6,1,1,0.969230769230769,0.0375065479585042,1
"affine",100,16,0.666666666666667,100128,0.96,0.979166666666667,0.94,0.6,1,1,0.972972972972973,0.0371873252889927,1
"affine",100,16,0.666666666666667,100129,0.97,1,0.97,0.7,1,1,1,0.0469943002103749,1
"affine",100,16,0.666666666666667,100130,0.97,0.979381443298969,0.95,0.7,1,1,0.967741935483871,0.0434106584072381,1
"affine",100,16,0.666666666666667,100131,0.96,1,0.96,0.6,1,1,1,0.0400814605110153,1
"affine",100,16,0.666666666666667,100132,0.96,1,0.96,0.6,1,1,1,0.0383558868919966,1
"affine",100,16,0.666666666666667,100133,0.96,1,0.96,0.6,1,1,1,0.0444218291920204,1
"affine",100,16,0.666666666666667,100134,0.97,0.979381443298969,0.95,0.7,1,1,0.970588235294118,0.0545445859069378,1
"affine",100,16,0.666666666666667,100135,0.96,1,0.96,0.6,1,1,1,0.0311812436050736,1
"affine",100,16,0.666666666666667,100136,0.97,0.989690721649485,0.96,0.7,1,1,0.987179487179487,0.0512615729591839,1
"affine",100,16,0.666666666666667,100137,0.96,1,0.96,0.6,1,1,1,0.0376104441279809,1
"affine",100,16,0.666666666666667,100138,0.97,1,0.97,0.7,1,1,1,0.0522676984453569,1
"affine",100,16,0.666666666666667,100139,0.97,1,0.97,0.7,1,1,1,0.0478932738620675,1
"affine",100,16,0.666666666666667,100140,0.95,1,0.95,0.5,1,1,1,0.0423374149419398,1
"affine",100,16,0.666666666666667,100141,0.98,1,0.98,0.8,1,1,1,0.0322973065769806,1
"affine",100,16,0.666666666666667,100142,0.96,0.989583333333333,0.95,0.6,1,1,0.984126984126984,0.0414315052679072,1
"affine",100,16,0.666666666666667,100143,0.96,0.802083333333333,0.77,0.6,1,0.96551724137931,0.73134328358209,0.0347902931332572,1
"affine",100,16,0.666666666666667,100144,0.96,1,0.96,0.6,1,1,1,0.0572682718068886,1
"affine",100,16,0.666666666666667,100145,0.97,1,0.97,0.7,1,1,1,0.064943459595044,1
"affine",100,16,0.666666666666667,100146,0.96,1,0.96,0.6,1,1,1,0.0511216353105913,1
"affine",100,16,0.666666666666667,100147,0.97,1,0.97,0.7,1,1,1,0.043273029273394,1
"affine",100,16,0.666666666666667,100148,0.96,1,0.96,0.6,1,1,1,0.0336908939995628,0.5
"affine",100,16,0.666666666666667,100149,0.96,1,0.96,0.6,1,1,1,0.0428139875909631,1
"affine",100,16,0.666666666666667,100150,0.97,1,0.97,0.7,1,1,1,0.0332648223517106,1
"affine",100,16,0.666666666666667,100151,0.97,1,0.97,0.7,1,1,1,0.0525701942594865,1
"affine",100,16,0.666666666666667,100152,0.97,1,0.97,0.7,1,1,1,0.0563247318086979,1
"affine",100,16,0.666666666666667,100153,0.96,1,0.96,0.6,1,1,1,0.0351874091933517,1
"affine",100,16,0.666666666666667,100154,0.97,1,0.97,0.7,1,1,1,0.0424182607763569,1
"affine",100,16,0.666666666666667,100155,0.97,1,0.97,0.7,1,1,1,0.0515343273957976,1
"affine",100,16,0.666666666666667,100156,0.97,1,0.97,0.7,1,1,1,0.0438523429562581,1
"affine",100,16,0.666666666666667,100157,0.97,1,0.97,0.7,1,1,1,0.0350973636503631,1
"affine",100,16,0.666666666666667,100158,0.97,0.958762886597938,0.93,0.7,1,1,0.942857142857143,0.0546178801705529,1
"affine",100,16,0.666666666666667,100159,0.96,1,0.96,0.6,1,1,1,0.0497570923226642,1
"affine",100,16,0.666666666666667,100160,0.96,1,0.96,0.6,1,1,1,0.0338623430107949,1
"affine",100,16,0.666666666666667,100161,0.97,1,0.97,0.7,1,1,1,0.0274574510692817,1
"affine",100,16,0.666666666666667,100162,0.97,1,0.97,0.7,1,1,1,0.0394613963796353,1
"affine",100,16,0.666666666666667,100163,0.97,1,0.97,0.7,1,1,1,0.0413589280803728,1
"affine",100,16,0.666666666666667,100164,0.98,1,0.98,0.8,1,1,1,0.0346197811211935,1
"affine",100,16,0.666666666666667,100165,0.97,1,0.97,0.7,1,1,1,0.0380719221106006,1
"affine",100,16,0.666666666666667,100166,0.97,0.938144329896907,0.91,0.7,1,0.862068965517241,0.970588235294118,0.033225097465075,1
"affine",100,16,0.666666666666667,100167,0.97,1,0.97,0.7,1,1,1,0.0407678224790733,1
"affine",100,16,0.666666666666667,100168,0.96,1,0.96,0.6,1,1,1,0.0486847674929475,1
"affine",100,16,0.666666666666667,100169,0.96,1,0.96,0.6,1,1,1,0.0459114049016536,1
"affine",100,16,0.666666666666667,100170,0.97,0.979381443298969,0.95,0.7,1,1,0.972602739726027,0.0584788201922321,1
"affine",100,16,0.666666666666667,100171,0.96,1,0.96,0.6,1,1,1,0.0435933802301076,1
"affine",100,16,0.666666666666667,100172,0.96,1,0.96,0.6,1,1,1,0.0317925480486621,1
"affine",100,16,0.666666666666667,100173,0.97,1,0.97,0.7,1,1,1,0.0450161946660733,1
"affine",100,16,0.666666666666667,100174,0.95,1,0.95,0.5,1,1,1,0.0550535212620736,1
"affine",100,16,0.666666666666667,100175,0.95,0.978947368421053,0.93,0.5,1,1,0.972222222222222,0.0475241016200644,1
"affine",100,16,0.666666666666667,100176,0.97,0.814432989690722,0.79,0.7,1,0.888888888888889,0.785714285714286,0.0311824323648414,1
"affine",100,16,0.666666666666667,100177,0.97,1,0.97,0.7,1,1,1,0.0247679672661724,1
"affine",100,16,0.666666666666667,100178,0.97,1,0.97,0.7,1,1,1,0.0384302466008464,1
"affine",100,16,0.666666666666667,100179,0.97,1,0.97,0.7,1,1,1,0.0527199606185668,1
"affine",100,16,0.666666666666667,100180,0.97,1,0.97,0.7,1,1,1,0.0453588292802285,1
"affine",100,16,0.666666666666667,100181,0.97,1,0.97,0.7,1,1,1,0.0426233154622024,1
"affine",100,16,0.666666666666667,100182,0.97,1,0.97,0.7,1,1,1,0.0427601068685776,1
"affine",100,16,0.666666666666667,100183,0.96,1,0.96,0.6,1,1,1,0.0435511224168426,1
"affine",100,16,0.666666666666667,100184,0.96,1,0.96,0.6,1,1,1,0.0592292621660816,1
"affine",100,16,0.666666666666667,100185,0.97,0.845360824742268,0.82,0.7,1,0.846153846153846,0.845070422535211,0.0469275645874466,1
"affine",100,16,0.666666666666667,100186,0.97,1,0.97,0.7,1,1,1,0.0342874497601979,1
"affine",100,16,0.666666666666667,100187,0.96,1,0.96,0.6,1,1,1,0.03358248275818,1
"affine",100,16,0.666666666666667,100188,0.97,1,0.97,0.7,1,1,1,0.0412832794721738,1
"affine",100,16,0.666666666666667,100189,0.97,1,0.97,0.7,1,1,1,0.0511811650693176,1
"affine",100,16,0.666666666666667,100190,0.97,1,0.97,0.7,1,1,1,0.0523843063108116,1
"affine",100,16,0.666666666666667,100191,0.96,1,0.96,0.6,1,1,1,0.0419835808173748,1
"affine",100,16,0.666666666666667,100192,0.96,1,0.96,0.6,1,1,1,0.0464315921202146,1
"affine",100,16,0.666666666666667,100193,0.97,0.969072164948454,0.94,0.7,1,0.967741935483871,0.96969696969697,0.0456003333363658,1
"affine",100,16,0.666666666666667,100194,0.96,1,0.96,0.6,1,1,1,0.0453450870047675,1
"affine",100,16,0.666666666666667,100195,0.97,0.711340206185567,0.69,0.7,1,0.740740740740741,0.7,0.0430314308488602,1
"affine",100,16,0.666666666666667,100196,0.97,1,0.97,0.7,1,1,1,0.0326737286447538,1
"affine",100,16,0.666666666666667,100197,0.96,1,0.96,0.6,1,1,1,0.0415552858664138,1
"affine",100,16,0.666666666666667,100198,0.96,1,0.96,0.6,1,1,1,0.0446807309571018,1
"affine",100,16,0.666666666666667,100199,0.96,1,0.96,0.6,1,1,1,0.0461457436446887,1
"affine",100,16,0.666666666666667,100200,0.97,1,0.97,0.7,1,1,1,0.0572484664770003,1
"curved",100,16,0.666666666666667,1100001,0.96,1,0.96,0.6,1,1,1,0.0504939961511596,1
"curved",100,16,0.666666666666667,1100002,0.95,0.989473684210526,0.94,0.5,1,1,0.984375,0.043825150956352,1
"curved",100,16,0.666666666666667,1100003,0.96,0.958333333333333,0.92,0.6,1,1,0.938461538461538,0.0426263132774156,1
"curved",100,16,0.666666666666667,1100004,0.96,1,0.96,0.6,1,1,1,0.0547369462346721,1
"curved",100,16,0.666666666666667,1100005,0.96,1,0.96,0.6,1,1,1,0.0607093188563705,1
"curved",100,16,0.666666666666667,1100006,0.96,0.96875,0.93,0.6,1,1,0.954545454545455,0.0582196859281212,1
"curved",100,16,0.666666666666667,1100007,0.98,1,0.98,0.8,1,1,1,0.0723917134753475,1
"curved",100,16,0.666666666666667,1100008,0.97,0.979381443298969,0.95,0.7,1,1,0.970588235294118,0.0548811975629314,1
"curved",100,16,0.666666666666667,1100009,0.98,0.948979591836735,0.93,0.8,1,0.96875,0.939393939393939,0.0571809261936462,1
"curved",100,16,0.666666666666667,1100010,0.96,1,0.96,0.6,1,1,1,0.0565993385922993,1
"curved",100,16,0.666666666666667,1100011,0.96,1,0.96,0.6,1,1,1,0.0677608008431435,1
"curved",100,16,0.666666666666667,1100012,0.97,1,0.97,0.7,1,1,1,0.0587636691547685,1
"curved",100,16,0.666666666666667,1100013,0.98,0.806122448979592,0.79,0.8,1,0.88,0.780821917808219,0.0679280149051569,1
"curved",100,16,0.666666666666667,1100014,0.97,1,0.97,0.7,1,1,1,0.0595319587934685,1
"curved",100,16,0.666666666666667,1100015,0.98,0.673469387755102,0.66,0.8,1,0.875,0.608108108108108,0.0646279226395181,1
"curved",100,16,0.666666666666667,1100016,0.98,1,0.98,0.8,1,1,1,0.0578272299180257,1
"curved",100,16,0.666666666666667,1100017,0.95,1,0.95,0.5,1,1,1,0.0568747021717394,1
"curved",100,16,0.666666666666667,1100018,0.97,1,0.97,0.7,1,1,1,0.0698387525423254,1
"curved",100,16,0.666666666666667,1100019,0.97,0.896907216494845,0.87,0.7,1,0.933333333333333,0.880597014925373,0.0610679625093503,1
"curved",100,16,0.666666666666667,1100020,0.98,0.908163265306122,0.89,0.8,1,0.904761904761905,0.909090909090909,0.0719484072025929,1
"curved",100,16,0.666666666666667,1100021,0.97,1,0.97,0.7,1,1,1,0.0704653398508231,1
"curved",100,16,0.666666666666667,1100022,0.97,0.948453608247423,0.92,0.7,1,1,0.932432432432432,0.0630157237705432,1
"curved",100,16,0.666666666666667,1100023,0.97,0.855670103092783,0.83,0.7,1,0.764705882352941,0.904761904761905,0.0460802822505995,1
"curved",100,16,0.666666666666667,1100024,0.97,0.742268041237113,0.72,0.7,1,0.91304347826087,0.689189189189189,0.0661758203631869,1
"curved",100,16,0.666666666666667,1100025,0.97,0.948453608247423,0.92,0.7,1,0.935483870967742,0.954545454545455,0.067695145766708,1
"curved",100,16,0.666666666666667,1100026,0.96,0.854166666666667,0.82,0.6,1,0.9,0.833333333333333,0.0582931118936487,1
"curved",100,16,0.666666666666667,1100027,0.97,1,0.97,0.7,1,1,1,0.0579080294355033,1
"curved",100,16,0.666666666666667,1100028,0.97,1,0.97,0.7,1,1,1,0.0651839474608181,1
"curved",100,16,0.666666666666667,1100029,0.97,1,0.97,0.7,1,1,1,0.046539355026508,1
"curved",100,16,0.666666666666667,1100030,0.97,1,0.97,0.7,1,1,1,0.0639120374360955,1
"curved",100,16,0.666666666666667,1100031,0.96,1,0.96,0.6,1,1,1,0.0711862433105532,1
"curved",100,16,0.666666666666667,1100032,0.96,1,0.96,0.6,1,1,1,0.0505464431522391,1
"curved",100,16,0.666666666666667,1100033,0.97,1,0.97,0.7,1,1,1,0.0588657482935875,1
"curved",100,16,0.666666666666667,1100034,0.96,0.989583333333333,0.95,0.6,1,0.96551724137931,1,0.0514165177579551,1
"curved",100,16,0.666666666666667,1100035,0.97,0.711340206185567,0.69,0.7,1,0.861111111111111,0.622950819672131,0.0522402805635337,1
"curved",100,16,0.666666666666667,1100036,0.97,1,0.97,0.7,1,1,1,0.0506813565580215,1
"curved",100,16,0.666666666666667,1100037,0.96,0.875,0.84,0.6,1,0.962962962962963,0.840579710144927,0.0535608358644126,1
"curved",100,16,0.666666666666667,1100038,0.97,1,0.97,0.7,1,1,1,0.0657545403069759,1
"curved",100,16,0.666666666666667,1100039,0.97,0.948453608247423,0.92,0.7,1,0.964285714285714,0.942028985507246,0.0562645165759679,1
"curved",100,16,0.666666666666667,1100040,0.96,0.979166666666667,0.94,0.6,1,1,0.969230769230769,0.0702579940911099,1
"curved",100,16,0.666666666666667,1100041,0.96,1,0.96,0.6,1,1,1,0.0550686598052132,1
"curved",100,16,0.666666666666667,1100042,0.97,1,0.97,0.7,1,1,1,0.0560562304800371,1
"curved",100,16,0.666666666666667,1100043,0.96,0.885416666666667,0.85,0.6,1,0.972972972972973,0.830508474576271,0.0482369286031812,1
"curved",100,16,0.666666666666667,1100044,0.96,1,0.96,0.6,1,1,1,0.0742814995913473,1
"curved",100,16,0.666666666666667,1100045,0.96,1,0.96,0.6,1,1,1,0.0560298064349697,1
"curved",100,16,0.666666666666667,1100046,0.97,1,0.97,0.7,1,1,1,0.0481700051502884,1
"curved",100,16,0.666666666666667,1100047,0.95,1,0.95,0.5,1,1,1,0.0547833394455914,1
"curved",100,16,0.666666666666667,1100048,0.97,1,0.97,0.7,1,1,1,0.0534658787692482,1
"curved",100,16,0.666666666666667,1100049,0.97,0.824742268041237,0.8,0.7,1,0.875,0.789473684210526,0.0500931927730304,0.5
"curved",100,16,0.666666666666667,1100050,0.97,0.917525773195876,0.89,0.7,1,0.896551724137931,0.926470588235294,0.0867745811393925,1
"curved",100,16,0.666666666666667,1100051,0.96,1,0.96,0.6,1,1,1,0.059592792472077,1
"curved",100,16,0.666666666666667,1100052,0.97,0.938144329896907,0.91,0.7,1,0.961538461538462,0.929577464788732,0.0631044976696223,0.5
"curved",100,16,0.666666666666667,1100053,0.96,1,0.96,0.6,1,1,1,0.0577385355965446,1
"curved",100,16,0.666666666666667,1100054,0.96,1,0.96,0.6,1,1,1,0.050569789584796,1
"curved",100,16,0.666666666666667,1100055,0.97,0.989690721649485,0.96,0.7,1,1,0.985714285714286,0.0665327423665214,1
"curved",100,16,0.666666666666667,1100056,0.97,1,0.97,0.7,1,1,1,0.0603889511588608,1
"curved",100,16,0.666666666666667,1100057,0.97,1,0.97,0.7,1,1,1,0.0422069944385315,1
"curved",100,16,0.666666666666667,1100058,0.97,0.876288659793814,0.85,0.7,1,0.852941176470588,0.888888888888889,0.0370732880395818,1
"curved",100,16,0.666666666666667,1100059,0.97,1,0.97,0.7,1,1,1,0.0643642177586927,1
"curved",100,16,0.666666666666667,1100060,0.95,1,0.95,0.5,1,1,1,0.0504227148101494,1
"curved",100,16,0.666666666666667,1100061,0.96,1,0.96,0.6,1,1,1,0.0518037508665423,1
"curved",100,16,0.666666666666667,1100062,0.97,1,0.97,0.7,1,1,1,0.0438843270662528,1
"curved",100,16,0.666666666666667,1100063,0.96,1,0.96,0.6,1,1,1,0.0508542791926413,1
"curved",100,16,0.666666666666667,1100064,0.97,0.979381443298969,0.95,0.7,1,1,0.96969696969697,0.0504608548320064,1
"curved",100,16,0.666666666666667,1100065,0.96,1,0.96,0.6,1,1,1,0.0539678743101032,1
"curved",100,16,0.666666666666667,1100066,0.96,0.8125,0.78,0.6,1,0.807692307692308,0.814285714285714,0.0495694481078558,1
"curved",100,16,0.666666666666667,1100067,0.97,1,0.97,0.7,1,1,1,0.0590582726694429,1
"curved",100,16,0.666666666666667,1100068,0.95,1,0.95,0.5,1,1,1,0.0598186799892155,1
"curved",100,16,0.666666666666667,1100069,0.97,1,0.97,0.7,1,1,1,0.0582842430699257,1
"curved",100,16,0.666666666666667,1100070,0.96,1,0.96,0.6,1,1,1,0.067782503750181,1
"curved",100,16,0.666666666666667,1100071,0.97,1,0.97,0.7,1,1,1,0.0408308843449747,1
"curved",100,16,0.666666666666667,1100072,0.96,0.854166666666667,0.82,0.6,1,1,0.794117647058823,0.0558220024106807,1
"curved",100,16,0.666666666666667,1100073,0.97,1,0.97,0.7,1,1,1,0.0634357724644614,1
"curved",100,16,0.666666666666667,1100074,0.96,1,0.96,0.6,1,1,1,0.0552341397453634,1
"curved",100,16,0.666666666666667,1100075,0.97,0.876288659793814,0.85,0.7,1,0.970588235294118,0.825396825396825,0.0557617241831161,1
"curved",100,16,0.666666666666667,1100076,0.96,1,0.96,0.6,1,1,1,0.0602310306190499,1
"curved",100,16,0.666666666666667,1100077,0.97,1,0.97,0.7,1,1,1,0.0638744226349427,1
"curved",100,16,0.666666666666667,1100078,0.96,1,0.96,0.6,1,1,1,0.0507002727121239,1
"curved",100,16,0.666666666666667,1100079,0.97,1,0.97,0.7,1,1,1,0.0407341346261797,1
"curved",100,16,0.666666666666667,1100080,0.96,0.822916666666667,0.79,0.6,1,0.852941176470588,0.806451612903226,0.0607410251689121,1
"curved",100,16,0.666666666666667,1100081,0.97,1,0.97,0.7,1,1,1,0.0743940374866752,1
"curved",100,16,0.666666666666667,1100082,0.97,1,0.97,0.7,1,1,1,0.0540994447581211,1
"curved",100,16,0.666666666666667,1100083,0.96,1,0.96,0.6,1,1,1,0.0786801921890314,1
"curved",100,16,0.666666666666667,1100084,0.97,0.979381443298969,0.95,0.7,1,1,0.970588235294118,0.0718283678833049,1
"curved",100,16,0.666666666666667,1100085,0.96,1,0.96,0.6,1,1,1,0.0399290841965524,1
"curved",100,16,0.666666666666667,1100086,0.96,1,0.96,0.6,1,1,1,0.0517912614972909,1
"curved",100,16,0.666666666666667,1100087,0.96,0.927083333333333,0.89,0.6,1,1,0.898550724637681,0.0466962043374137,0.5
"curved",100,16,0.666666666666667,1100088,0.97,1,0.97,0.7,1,1,1,0.0522802009113121,1
"curved",100,16,0.666666666666667,1100089,0.96,1,0.96,0.6,1,1,1,0.0482938235945315,1
"curved",100,16,0.666666666666667,1100090,0.97,1,0.97,0.7,1,1,1,0.0510262901348438,1
"curved",100,16,0.666666666666667,1100091,0.96,1,0.96,0.6,1,1,1,0.0688010633359877,1
"curved",100,16,0.666666666666667,1100092,0.97,1,0.97,0.7,1,1,1,0.0485019592340151,1
"curved",100,16,0.666666666666667,1100093,0.96,0.739583333333333,0.71,0.6,1,0.833333333333333,0.708333333333333,0.0538519407782189,1
"curved",100,16,0.666666666666667,1100094,0.97,1,0.97,0.7,1,1,1,0.0647455530748036,0.5
"curved",100,16,0.666666666666667,1100095,0.97,1,0.97,0.7,1,1,1,0.0578573694242702,1
"curved",100,16,0.666666666666667,1100096,0.97,1,0.97,0.7,1,1,1,0.0546797363446154,1
"curved",100,16,0.666666666666667,1100097,0.97,1,0.97,0.7,1,1,1,0.0674466720198367,1
"curved",100,16,0.666666666666667,1100098,0.96,1,0.96,0.6,1,1,1,0.0472908291551617,1
"curved",100,16,0.666666666666667,1100099,0.97,1,0.97,0.7,1,1,1,0.0644155932601381,1
"curved",100,16,0.666666666666667,1100100,0.95,1,0.95,0.5,1,1,1,0.0731686430828207,1
"curved",100,16,0.666666666666667,1100101,0.96,0.739583333333333,0.71,0.6,1,0.782608695652174,0.726027397260274,0.0677519674026912,1
"curved",100,16,0.666666666666667,1100102,0.97,1,0.97,0.7,1,1,1,0.0724797227469696,1
"curved",100,16,0.666666666666667,1100103,0.98,0.979591836734694,0.96,0.8,1,0.96969696969697,0.984615384615385,0.046084462721443,1
"curved",100,16,0.666666666666667,1100104,0.96,0.96875,0.93,0.6,1,1,0.952380952380952,0.070456380149722,1
"curved",100,16,0.666666666666667,1100105,0.97,0.907216494845361,0.88,0.7,1,0.928571428571429,0.898550724637681,0.0535098292189351,1
"curved",100,16,0.666666666666667,1100106,0.97,1,0.97,0.7,1,1,1,0.0602506230639038,1
"curved",100,16,0.666666666666667,1100107,0.96,1,0.96,0.6,1,1,1,0.0699174155161332,1
"curved",100,16,0.666666666666667,1100108,0.97,0.824742268041237,0.8,0.7,1,0.897435897435897,0.775862068965517,0.0404089104397161,0.5
"curved",100,16,0.666666666666667,1100109,0.97,0.907216494845361,0.88,0.7,1,0.956521739130435,0.891891891891892,0.0533734051646317,1
"curved",100,16,0.666666666666667,1100110,0.97,1,0.97,0.7,1,1,1,0.0447733960014323,1
"curved",100,16,0.666666666666667,1100111,0.97,1,0.97,0.7,1,1,1,0.0695703975235935,1
"curved",100,16,0.666666666666667,1100112,0.97,1,0.97,0.7,1,1,1,0.0603019091791914,1
"curved",100,16,0.666666666666667,1100113,0.97,0.979381443298969,0.95,0.7,1,1,0.968253968253968,0.0587025117519314,1
"curved",100,16,0.666666666666667,1100114,0.96,1,0.96,0.6,1,1,1,0.0515587564926564,1
"curved",100,16,0.666666666666667,1100115,0.97,1,0.97,0.7,1,1,1,0.0637003981498637,1
"curved",100,16,0.666666666666667,1100116,0.97,0.979381443298969,0.95,0.7,1,1,0.970588235294118,0.079057752011368,1
"curved",100,16,0.666666666666667,1100117,0.97,1,0.97,0.7,1,1,1,0.0471603469901234,1
"curved",100,16,0.666666666666667,1100118,0.97,1,0.97,0.7,1,1,1,0.0544332702261734,1
"curved",100,16,0.666666666666667,1100119,0.96,1,0.96,0.6,1,1,1,0.05876729410621,1
"curved",100,16,0.666666666666667,1100120,0.97,1,0.97,0.7,1,1,1,0.0651821030331747,1
"curved",100,16,0.666666666666667,1100121,0.98,0.989795918367347,0.97,0.8,1,1,0.985074626865672,0.0671995994644325,1
"curved",100,16,0.666666666666667,1100122,0.97,1,0.97,0.7,1,1,1,0.0545025335261075,1
"curved",100,16,0.666666666666667,1100123,0.96,1,0.96,0.6,1,1,1,0.0480918774779339,1
"curved",100,16,0.666666666666667,1100124,0.95,1,0.95,0.5,1,1,1,0.0663376091774399,1
"curved",100,16,0.666666666666667,1100125,0.97,1,0.97,0.7,1,1,1,0.0452189717403659,1
"curved",100,16,0.666666666666667,1100126,0.97,0.938144329896907,0.91,0.7,1,1,0.923076923076923,0.0639994859493804,1
"curved",100,16,0.666666666666667,1100127,0.96,1,0.96,0.6,1,1,1,0.046565413200983,1
"curved",100,16,0.666666666666667,1100128,0.97,0.907216494845361,0.88,0.7,1,0.9375,0.892307692307692,0.0511434450045594,1
"curved",100,16,0.666666666666667,1100129,0.97,0.989690721649485,0.96,0.7,1,1,0.983333333333333,0.051060042680781,1
"curved",100,16,0.666666666666667,1100130,0.97,1,0.97,0.7,1,1,1,0.0467461899156308,1
"curved",100,16,0.666666666666667,1100131,0.96,0.979166666666667,0.94,0.6,1,1,0.972222222222222,0.0542478152443427,1
"curved",100,16,0.666666666666667,1100132,0.97,1,0.97,0.7,1,1,1,0.0480177327802557,1
"curved",100,16,0.666666666666667,1100133,0.96,0.947916666666667,0.91,0.6,1,0.970588235294118,0.935483870967742,0.0479770323948159,1
"curved",100,16,0.666666666666667,1100134,0.96,0.864583333333333,0.83,0.6,1,0.925925925925926,0.840579710144927,0.0535077408869279,0
"curved",100,16,0.666666666666667,1100135,0.97,1,0.97,0.7,1,1,1,0.0616404681084292,1
"curved",100,16,0.666666666666667,1100136,0.97,1,0.97,0.7,1,1,1,0.0648907977614885,1
"curved",100,16,0.666666666666667,1100137,0.96,1,0.96,0.6,1,1,1,0.0590412501342126,1
"curved",100,16,0.666666666666667,1100138,0.95,1,0.95,0.5,1,1,1,0.0541131530387143,1
"curved",100,16,0.666666666666667,1100139,0.96,0.677083333333333,0.65,0.6,1,0.76,0.647887323943662,0.0572287314142357,1
"curved",100,16,0.666666666666667,1100140,0.97,0.979381443298969,0.95,0.7,1,1,0.971830985915493,0.0478886994921066,1
"curved",100,16,0.666666666666667,1100141,0.96,1,0.96,0.6,1,1,1,0.0702085841143003,1
"curved",100,16,0.666666666666667,1100142,0.96,0.770833333333333,0.74,0.6,1,0.909090909090909,0.72972972972973,0.065492768886017,1
"curved",100,16,0.666666666666667,1100143,0.96,0.822916666666667,0.79,0.6,1,0.894736842105263,0.805194805194805,0.0502964828083957,1
"curved",100,16,0.666666666666667,1100144,0.96,1,0.96,0.6,1,1,1,0.0457771093946487,1
"curved",100,16,0.666666666666667,1100145,0.97,1,0.97,0.7,1,1,1,0.0748400722808197,1
"curved",100,16,0.666666666666667,1100146,0.97,0.896907216494845,0.87,0.7,1,0.896551724137931,0.897058823529412,0.0479176839221575,1
"curved",100,16,0.666666666666667,1100147,0.96,1,0.96,0.6,1,1,1,0.064654801666679,1
"curved",100,16,0.666666666666667,1100148,0.97,1,0.97,0.7,1,1,1,0.0586890060811073,1
"curved",100,16,0.666666666666667,1100149,0.96,1,0.96,0.6,1,1,1,0.0517495295637635,1
"curved",100,16,0.666666666666667,1100150,0.96,1,0.96,0.6,1,1,1,0.0707309171759537,1
"curved",100,16,0.666666666666667,1100151,0.97,0.989690721649485,0.96,0.7,1,1,0.986842105263158,0.0628880553790347,0.5
"curved",100,16,0.666666666666667,1100152,0.97,1,0.97,0.7,1,1,1,0.058751352271964,1
"curved",100,16,0.666666666666667,1100153,0.96,1,0.96,0.6,1,1,1,0.0569996677469642,1
"curved",100,16,0.666666666666667,1100154,0.97,1,0.97,0.7,1,1,1,0.0605840982655346,1
"curved",100,16,0.666666666666667,1100155,0.96,1,0.96,0.6,1,1,1,0.0469842956074981,1
"curved",100,16,0.666666666666667,1100156,0.96,1,0.96,0.6,1,1,1,0.0572012638220458,1
"curved",100,16,0.666666666666667,1100157,0.97,1,0.97,0.7,1,1,1,0.0537379287480123,1
"curved",100,16,0.666666666666667,1100158,0.97,0.855670103092783,0.83,0.7,1,0.961538461538462,0.816901408450704,0.0414220957385241,1
"curved",100,16,0.666666666666667,1100159,0.97,1,0.97,0.7,1,1,1,0.0681889116001428,1
"curved",100,16,0.666666666666667,1100160,0.97,1,0.97,0.7,1,1,1,0.0581296645120425,1
"curved",100,16,0.666666666666667,1100161,0.97,1,0.97,0.7,1,1,1,0.0665728197028496,1
"curved",100,16,0.666666666666667,1100162,0.96,0.833333333333333,0.8,0.6,1,0.933333333333333,0.787878787878788,0.056058335045232,1
"curved",100,16,0.666666666666667,1100163,0.97,1,0.97,0.7,1,1,1,0.0464837206530756,1
"curved",100,16,0.666666666666667,1100164,0.97,1,0.97,0.7,1,1,1,0.0547938756177202,1
"curved",100,16,0.666666666666667,1100165,0.98,1,0.98,0.8,1,1,1,0.0625660152276888,1
"curved",100,16,0.666666666666667,1100166,0.96,1,0.96,0.6,1,1,1,0.0561243850399167,1
"curved",100,16,0.666666666666667,1100167,0.96,0.989583333333333,0.95,0.6,1,0.958333333333333,1,0.0568877918788074,1
"curved",100,16,0.666666666666667,1100168,0.97,0.979381443298969,0.95,0.7,1,1,0.96969696969697,0.0538030007939969,1
"curved",100,16,0.666666666666667,1100169,0.96,1,0.96,0.6,1,1,1,0.0575602502242733,1
"curved",100,16,0.666666666666667,1100170,0.97,1,0.97,0.7,1,1,1,0.0605501466319295,1
"curved",100,16,0.666666666666667,1100171,0.97,1,0.97,0.7,1,1,1,0.071362321210095,1
"curved",100,16,0.666666666666667,1100172,0.97,0.979381443298969,0.95,0.7,1,0.964285714285714,0.985507246376812,0.0525373550872498,1
"curved",100,16,0.666666666666667,1100173,0.97,0.989690721649485,0.96,0.7,1,1,0.986666666666667,0.0581172433616201,1
"curved",100,16,0.666666666666667,1100174,0.96,1,0.96,0.6,1,1,1,0.0630627462714239,1
"curved",100,16,0.666666666666667,1100175,0.97,0.979381443298969,0.95,0.7,1,1,0.967213114754098,0.0528260957604436,1
"curved",100,16,0.666666666666667,1100176,0.96,0.96875,0.93,0.6,1,1,0.955882352941177,0.0608475081833253,1
"curved",100,16,0.666666666666667,1100177,0.96,0.8125,0.78,0.6,1,1,0.75,0.0547721816891475,0.5
"curved",100,16,0.666666666666667,1100178,0.96,1,0.96,0.6,1,1,1,0.0544098307076098,1
"curved",100,16,0.666666666666667,1100179,0.97,1,0.97,0.7,1,1,1,0.0617543370242275,1
"curved",100,16,0.666666666666667,1100180,0.96,1,0.96,0.6,1,1,1,0.0547452397483253,1
"curved",100,16,0.666666666666667,1100181,0.97,1,0.97,0.7,1,1,1,0.0632532675263217,1
"curved",100,16,0.666666666666667,1100182,0.96,0.875,0.84,0.6,1,0.852941176470588,0.887096774193548,0.0472564609343059,1
"curved",100,16,0.666666666666667,1100183,0.97,0.969072164948454,0.94,0.7,1,1,0.959459459459459,0.0681869788354569,1
"curved",100,16,0.666666666666667,1100184,0.97,0.989690721649485,0.96,0.7,1,1,0.985714285714286,0.0553627836864437,1
"curved",100,16,0.666666666666667,1100185,0.97,0.958762886597938,0.93,0.7,1,1,0.940298507462687,0.060877620571392,1
"curved",100,16,0.666666666666667,1100186,0.96,0.90625,0.87,0.6,1,0.896551724137931,0.91044776119403,0.0552350381068353,1
"curved",100,16,0.666666666666667,1100187,0.97,1,0.97,0.7,1,1,1,0.0592534154512953,1
"curved",100,16,0.666666666666667,1100188,0.97,1,0.97,0.7,1,1,1,0.0615479619942333,1
"curved",100,16,0.666666666666667,1100189,0.97,1,0.97,0.7,1,1,1,0.0534601208003047,1
"curved",100,16,0.666666666666667,1100190,0.96,0.854166666666667,0.82,0.6,1,0.870967741935484,0.846153846153846,0.0508189350859986,1
"curved",100,16,0.666666666666667,1100191,0.96,1,0.96,0.6,1,1,1,0.0596278735640692,1
"curved",100,16,0.666666666666667,1100192,0.96,1,0.96,0.6,1,1,1,0.0586511600383375,1
"curved",100,16,0.666666666666667,1100193,0.96,0.84375,0.81,0.6,1,0.827586206896552,0.850746268656716,0.0592150959644142,1
"curved",100,16,0.666666666666667,1100194,0.97,1,0.97,0.7,1,1,1,0.0626758911642395,1
"curved",100,16,0.666666666666667,1100195,0.97,1,0.97,0.7,1,1,1,0.056430318224638,1
"curved",100,16,0.666666666666667,1100196,0.96,1,0.96,0.6,1,1,1,0.0681401794308758,1
"curved",100,16,0.666666666666667,1100197,0.96,1,0.96,0.6,1,1,1,0.0581006123551675,1
"curved",100,16,0.666666666666667,1100198,0.96,1,0.96,0.6,1,1,1,0.0535063091099806,1
"curved",100,16,0.666666666666667,1100199,0.97,1,0.97,0.7,1,1,1,0.0378164810348155,1
"curved",100,16,0.666666666666667,1100200,0.96,0.979166666666667,0.94,0.6,1,1,0.96875,0.0540138170534393,1
"affine",100,40,0.666666666666667,100001,0.99,0.919191919191919,0.91,0.9,1,0.918918918918919,0.919354838709677,0.0103329538351131,1
"affine",100,40,0.666666666666667,100002,0.99,1,0.99,0.9,1,1,1,0.0190072032952905,1
"affine",100,40,0.666666666666667,100003,0.99,1,0.99,0.9,1,1,1,0.0149541775875509,1
"affine",100,40,0.666666666666667,100004,0.99,0.95959595959596,0.95,0.9,1,1,0.940298507462687,0.0182373458465587,0
"affine",100,40,0.666666666666667,100005,0.99,0.808080808080808,0.8,0.9,1,0.884615384615385,0.780821917808219,0.0299313176434403,1
"affine",100,40,0.666666666666667,100006,0.99,0.919191919191919,0.91,0.9,1,0.896551724137931,0.928571428571429,0.0118149598816445,1
"affine",100,40,0.666666666666667,100007,0.99,0.98989898989899,0.98,0.9,1,1,0.984615384615385,0.018013368533507,1
"affine",100,40,0.666666666666667,100008,0.99,0.98989898989899,0.98,0.9,1,1,0.986111111111111,0.0213283681670235,1
"affine",100,40,0.666666666666667,100009,0.99,1,0.99,0.9,1,1,1,0.0126531799608236,0.5
"affine",100,40,0.666666666666667,100010,0.99,0.95959595959596,0.95,0.9,1,1,0.940298507462687,0.0219288164850578,0.5
"affine",100,40,0.666666666666667,100011,0.99,0.97979797979798,0.97,0.9,1,0.964285714285714,0.985915492957746,0.0328956382549277,1
"affine",100,40,0.666666666666667,100012,0.99,0.848484848484849,0.84,0.9,1,0.875,0.84,0.0183919996644681,0.5
"affine",100,40,0.666666666666667,100013,0.99,0.98989898989899,0.98,0.9,1,1,0.985915492957746,0.0209128966978489,1
"affine",100,40,0.666666666666667,100014,0.99,0.94949494949495,0.94,0.9,1,1,0.935897435897436,0.0258306730238252,1
"affine",100,40,0.666666666666667,100015,0.99,0.666666666666667,0.66,0.9,1,0.777777777777778,0.603174603174603,0.013816007180667,0.5
"affine",100,40,0.666666666666667,100016,0.99,0.717171717171717,0.71,0.9,1,0.714285714285714,0.71830985915493,0.0198774156615231,1
"affine",100,40,0.666666666666667,100017,0.99,0.96969696969697,0.96,0.9,1,1,0.957746478873239,0.0281674832767829,1
"affine",100,40,0.666666666666667,100018,0.99,1,0.99,0.9,1,1,1,0.0193060697686241,1
"affine",100,40,0.666666666666667,100019,0.99,0.97979797979798,0.97,0.9,1,1,0.973333333333333,0.0213883417716864,1
"affine",100,40,0.666666666666667,100020,0.99,0.98989898989899,0.98,0.9,1,1,0.986111111111111,0.0293942505726256,1
"affine",100,40,0.666666666666667,100021,0.99,0.676767676767677,0.67,0.9,1,0.6,0.710144927536232,0.0155326096935886,1
"affine",100,40,0.666666666666667,100022,0.99,0.98989898989899,0.98,0.9,1,1,0.985074626865672,0.0259415196257254,1
"affine",100,40,0.666666666666667,100023,0.99,0.919191919191919,0.91,0.9,1,0.933333333333333,0.91304347826087,0.0178905067335154,1
"affine",100,40,0.666666666666667,100024,0.99,0.98989898989899,0.98,0.9,1,1,0.985294117647059,0.0159433355044449,0.5
"affine",100,40,0.666666666666667,100025,0.99,0.94949494949495,0.94,0.9,1,1,0.926470588235294,0.0177897982078804,1
"affine",100,40,0.666666666666667,100026,0.99,1,0.99,0.9,1,1,1,0.0163846637806039,1
"affine",100,40,0.666666666666667,100027,0.99,1,0.99,0.9,1,1,1,0.0167848554164464,1
"affine",100,40,0.666666666666667,100028,0.99,1,0.99,0.9,1,1,1,0.0194145653348853,1
"affine",100,40,0.666666666666667,100029,0.99,0.838383838383838,0.83,0.9,1,0.9,0.811594202898551,0.0234202100707814,1
"affine",100,40,0.666666666666667,100030,0.99,1,0.99,0.9,1,1,1,0.0149266808463909,1
"affine",100,40,0.666666666666667,100031,0.99,1,0.99,0.9,1,1,1,0.0268367853329398,1
"affine",100,40,0.666666666666667,100032,0.99,1,0.99,0.9,1,1,1,0.0202737986721327,1
"affine",100,40,0.666666666666667,100033,0.99,1,0.99,0.9,1,1,1,0.0177272099598017,1
"affine",100,40,0.666666666666667,100034,0.99,0.95959595959596,0.95,0.9,1,0.967741935483871,0.955882352941177,0.0178526975851232,1
"affine",100,40,0.666666666666667,100035,0.99,0.98989898989899,0.98,0.9,1,1,0.985915492957746,0.0251615587113374,1
"affine",100,40,0.666666666666667,100036,0.99,0.929292929292929,0.92,0.9,1,0.971428571428571,0.90625,0.0229082129538897,1
"affine",100,40,0.666666666666667,100037,0.99,1,0.99,0.9,1,1,1,0.017743722980092,1
"affine",100,40,0.666666666666667,100038,0.99,1,0.99,0.9,1,1,1,0.0173552774809116,1
"affine",100,40,0.666666666666667,100039,0.99,0.727272727272727,0.72,0.9,1,0.733333333333333,0.72463768115942,0.0127954925702336,1
"affine",100,40,0.666666666666667,100040,0.99,0.98989898989899,0.98,0.9,1,0.975609756097561,1,0.0127028109221017,1
"affine",100,40,0.666666666666667,100041,0.99,1,0.99,0.9,1,1,1,0.0183763729755839,1
"affine",100,40,0.666666666666667,100042,0.99,1,0.99,0.9,1,1,1,0.0191017938802109,1
"affine",100,40,0.666666666666667,100043,0.99,1,0.99,0.9,1,1,1,0.0244784939282134,1
"affine",100,40,0.666666666666667,100044,0.99,0.98989898989899,0.98,0.9,1,1,0.985294117647059,0.0140714842754053,1
"affine",100,40,0.666666666666667,100045,0.99,0.98989898989899,0.98,0.9,1,0.970588235294118,1,0.0144796212064862,1
"affine",100,40,0.666666666666667,100046,0.99,0.97979797979798,0.97,0.9,1,1,0.969230769230769,0.0219495326259489,1
"affine",100,40,0.666666666666667,100047,0.99,0.95959595959596,0.95,0.9,1,1,0.944444444444444,0.028337557188842,1
"affine",100,40,0.666666666666667,100048,0.99,0.909090909090909,0.9,0.9,1,0.882352941176471,0.923076923076923,0.0255627384869115,1
"affine",100,40,0.666666666666667,100049,0.99,0.737373737373737,0.73,0.9,1,0.88,0.689189189189189,0.0191854309942224,0
"affine",100,40,0.666666666666667,100050,0.99,0.939393939393939,0.93,0.9,1,1,0.915492957746479,0.0372239030844074,1
"affine",100,40,0.666666666666667,100051,0.99,0.98989898989899,0.98,0.9,1,0.962962962962963,1,0.0213782116390547,1
"affine",100,40,0.666666666666667,100052,0.99,1,0.99,0.9,1,1,1,0.0249216764484212,1
"affine",100,40,0.666666666666667,100053,0.99,1,0.99,0.9,1,1,1,0.0188674823754842,1
"affine",100,40,0.666666666666667,100054,0.99,1,0.99,0.9,1,1,1,0.0176474052832891,1
"affine",100,40,0.666666666666667,100055,0.99,0.939393939393939,0.93,0.9,1,0.939393939393939,0.939393939393939,0.0140670669569719,1
"affine",100,40,0.666666666666667,100056,0.99,0.898989898989899,0.89,0.9,1,0.911764705882353,0.892307692307692,0.0237875263497215,0
"affine",100,40,0.666666666666667,100057,0.99,1,0.99,0.9,1,1,1,0.0333334713127201,1
"affine",100,40,0.666666666666667,100058,0.99,0.797979797979798,0.79,0.9,1,0.7,0.840579710144927,0.0140572457634838,1
"affine",100,40,0.666666666666667,100059,0.99,1,0.99,0.9,1,1,1,0.0188753819911617,1
"affine",100,40,0.666666666666667,100060,0.99,1,0.99,0.9,1,1,1,0.0179632127600451,1
"affine",100,40,0.666666666666667,100061,0.99,0.828282828282828,0.82,0.9,1,0.958333333333333,0.786666666666667,0.0272558433726845,1
"affine",100,40,0.666666666666667,100062,0.99,0.818181818181818,0.81,0.9,1,0.75,0.857142857142857,0.0121842276007549,1
"affine",100,40,0.666666666666667,100063,0.99,0.808080808080808,0.8,0.9,1,0.928571428571429,0.76056338028169,0.0171126811803107,0.5
"affine",100,40,0.666666666666667,100064,0.99,0.919191919191919,0.91,0.9,1,1,0.897435897435897,0.0260222550859952,1
"affine",100,40,0.666666666666667,100065,0.99,1,0.99,0.9,1,1,1,0.0368521560994597,1
"affine",100,40,0.666666666666667,100066,0.99,0.95959595959596,0.95,0.9,1,1,0.943661971830986,0.0192188394438192,1
"affine",100,40,0.666666666666667,100067,0.99,0.97979797979798,0.97,0.9,1,0.961538461538462,0.986301369863014,0.0273700393104793,1
"affine",100,40,0.666666666666667,100068,0.99,0.97979797979798,0.97,0.9,1,1,0.972602739726027,0.0262160965092152,1
"affine",100,40,0.666666666666667,100069,0.99,0.97979797979798,0.97,0.9,1,1,0.971830985915493,0.0280593180601695,1
"affine",100,40,0.666666666666667,100070,0.99,0.97979797979798,0.97,0.9,1,1,0.969230769230769,0.0245030802525203,1
"affine",100,40,0.666666666666667,100071,0.99,1,0.99,0.9,1,1,1,0.0148516646352091,1
"affine",100,40,0.666666666666667,100072,0.99,1,0.99,0.9,1,1,1,0.0265450983329371,1
"affine",100,40,0.666666666666667,100073,0.99,0.888888888888889,0.88,0.9,1,0.888888888888889,0.888888888888889,0.0297239435095615,1
"affine",100,40,0.666666666666667,100074,0.99,0.898989898989899,0.89,0.9,1,0.916666666666667,0.893333333333333,0.0218303752992162,1
"affine",100,40,0.666666666666667,100075,0.99,0.94949494949495,0.94,0.9,1,0.964285714285714,0.943661971830986,0.0216957187531812,1
"affine",100,40,0.666666666666667,100076,0.99,1,0.99,0.9,1,1,1,0.0223321441822489,0.5
"affine",100,40,0.666666666666667,100077,0.99,0.878787878787879,0.87,0.9,1,0.818181818181818,0.909090909090909,0.0169029680699074,1
"affine",100,40,0.666666666666667,100078,0.99,0.98989898989899,0.98,0.9,1,1,0.985294117647059,0.0226061094985777,1
"affine",100,40,0.666666666666667,100079,0.99,1,0.99,0.9,1,1,1,0.0205773375867399,1
"affine",100,40,0.666666666666667,100080,0.99,1,0.99,0.9,1,1,1,0.0112363477559066,1
"affine",100,40,0.666666666666667,100081,0.99,1,0.99,0.9,1,1,1,0.0205574434768396,1
"affine",100,40,0.666666666666667,100082,0.99,0.98989898989899,0.98,0.9,1,1,0.986486486486487,0.0160250985211536,1
"affine",100,40,0.666666666666667,100083,0.99,1,0.99,0.9,1,1,1,0.0213816227575571,1
"affine",100,40,0.666666666666667,100084,0.99,1,0.99,0.9,1,1,1,0.0250697545185775,1
"affine",100,40,0.666666666666667,100085,1,0.52,0.52,1,1,0.5,0.525641025641026,0.0193174924803092,0.5
"affine",100,40,0.666666666666667,100086,0.99,0.636363636363636,0.63,0.9,1,0.459459459459459,0.741935483870968,0.0115881398349726,0.5
"affine",100,40,0.666666666666667,100087,0.99,0.98989898989899,0.98,0.9,1,1,0.986666666666667,0.0285780136966798,1
"affine",100,40,0.666666666666667,100088,0.99,0.96969696969697,0.96,0.9,1,1,0.956521739130435,0.0175731721284013,1
"affine",100,40,0.666666666666667,100089,0.99,0.98989898989899,0.98,0.9,1,0.961538461538462,1,0.0209734178376733,1
"affine",100,40,0.666666666666667,100090,0.99,0.808080808080808,0.8,0.9,1,0.806451612903226,0.808823529411765,0.0152535344111492,1
"affine",100,40,0.666666666666667,100091,0.99,0.939393939393939,0.93,0.9,1,0.96,0.932432432432432,0.0269516234172967,1
"affine",100,40,0.666666666666667,100092,0.99,0.848484848484849,0.84,0.9,1,0.95,0.822784810126582,0.031380056058562,0.5
"affine",100,40,0.666666666666667,100093,0.99,1,0.99,0.9,1,1,1,0.0239435980580833,1
"affine",100,40,0.666666666666667,100094,0.99,1,0.99,0.9,1,1,1,0.0244538810273036,1
"affine",100,40,0.666666666666667,100095,0.99,0.96969696969697,0.96,0.9,1,1,0.955882352941177,0.0201379147817454,1
"affine",100,40,0.666666666666667,100096,0.99,1,0.99,0.9,1,1,1,0.025877936582043,1
"affine",100,40,0.666666666666667,100097,0.99,0.97979797979798,0.97,0.9,1,1,0.96969696969697,0.0206813957553529,1
"affine",100,40,0.666666666666667,100098,1,0.99,0.99,1,1,0.96551724137931,1,0.0162211188730607,1
"affine",100,40,0.666666666666667,100099,0.99,0.98989898989899,0.98,0.9,1,1,0.987012987012987,0.0355734378740774,1
"affine",100,40,0.666666666666667,100100,0.99,0.98989898989899,0.98,0.9,1,1,0.985915492957746,0.0142530870126107,1
"affine",100,40,0.666666666666667,100101,0.99,1,0.99,0.9,1,1,1,0.0211670904963731,1
"affine",100,40,0.666666666666667,100102,0.99,0.878787878787879,0.87,0.9,1,0.935483870967742,0.852941176470588,0.0248657736118093,0.5
"affine",100,40,0.666666666666667,100103,0.99,1,0.99,0.9,1,1,1,0.0312743129494327,1
"affine",100,40,0.666666666666667,100104,0.99,0.888888888888889,0.88,0.9,1,0.933333333333333,0.869565217391304,0.0147357980416168,1
"affine",100,40,0.666666666666667,100105,0.99,0.96969696969697,0.96,0.9,1,1,0.955223880597015,0.0251712233954107,0.5
"affine",100,40,0.666666666666667,100106,0.99,0.828282828282828,0.82,0.9,1,0.848484848484849,0.818181818181818,0.0120275404642308,1
"affine",100,40,0.666666666666667,100107,0.99,0.98989898989899,0.98,0.9,1,1,0.987012987012987,0.0192043646326531,1
"affine",100,40,0.666666666666667,100108,0.99,0.98989898989899,0.98,0.9,1,1,0.984615384615385,0.0146032942328445,1
"affine",100,40,0.666666666666667,100109,0.99,0.96969696969697,0.96,0.9,1,1,0.956521739130435,0.0202119134449926,0.5
"affine",100,40,0.666666666666667,100110,0.99,1,0.99,0.9,1,1,1,0.0133312350195789,1
"affine",100,40,0.666666666666667,100111,0.99,0.939393939393939,0.93,0.9,1,0.971428571428571,0.921875,0.0167232791535777,1
"affine",100,40,0.666666666666667,100112,0.99,1,0.99,0.9,1,1,1,0.0276039392414075,1
"affine",100,40,0.666666666666667,100113,0.99,1,0.99,0.9,1,1,1,0.0176901092428908,1
"affine",100,40,0.666666666666667,100114,0.99,1,0.99,0.9,1,1,1,0.00848517198212839,1
"affine",100,40,0.666666666666667,100115,0.99,0.919191919191919,0.91,0.9,1,0.931034482758621,0.914285714285714,0.0216554494050425,1
"affine",100,40,0.666666666666667,100116,0.99,1,0.99,0.9,1,1,1,0.0229223517330616,1
"affine",100,40,0.666666666666667,100117,0.99,0.95959595959596,0.95,0.9,1,1,0.943661971830986,0.0275296250569562,1
"affine",100,40,0.666666666666667,100118,0.99,0.848484848484849,0.84,0.9,1,0.818181818181818,0.863636363636364,0.0173660829380849,1
"affine",100,40,0.666666666666667,100119,0.99,0.97979797979798,0.97,0.9,1,1,0.972602739726027,0.0212491219002456,1
"affine",100,40,0.666666666666667,100120,0.99,0.98989898989899,0.98,0.9,1,1,0.984126984126984,0.0136768216710554,1
"affine",100,40,0.666666666666667,100121,0.99,0.939393939393939,0.93,0.9,1,0.935483870967742,0.941176470588235,0.017639854913539,1
"affine",100,40,0.666666666666667,100122,0.99,1,0.99,0.9,1,1,1,0.0136781064400663,1
"affine",100,40,0.666666666666667,100123,0.99,0.98989898989899,0.98,0.9,1,0.966666666666667,1,0.0202314371723691,1
"affine",100,40,0.666666666666667,100124,0.99,0.97979797979798,0.97,0.9,1,1,0.975,0.0272811902432207,1
"affine",100,40,0.666666666666667,100125,0.99,1,0.99,0.9,1,1,1,0.0172500216337292,1
"affine",100,40,0.666666666666667,100126,0.99,1,0.99,0.9,1,1,1,0.0161622295259584,1
"affine",100,40,0.666666666666667,100127,0.99,0.96969696969697,0.96,0.9,1,1,0.955882352941177,0.0189780451970711,1
"affine",100,40,0.666666666666667,100128,0.99,0.868686868686869,0.86,0.9,1,0.772727272727273,0.896103896103896,0.0266948756003945,0.5
"affine",100,40,0.666666666666667,100129,0.99,1,0.99,0.9,1,1,1,0.0239211785893231,1
"affine",100,40,0.666666666666667,100130,0.99,0.95959595959596,0.95,0.9,1,1,0.9375,0.0283238608859618,1
"affine",100,40,0.666666666666667,100131,0.99,1,0.99,0.9,1,1,1,0.0163925597480881,1
"affine",100,40,0.666666666666667,100132,0.99,1,0.99,0.9,1,1,1,0.0211760849339453,1
"affine",100,40,0.666666666666667,100133,0.99,0.848484848484849,0.84,0.9,1,0.851851851851852,0.847222222222222,0.0191736494378294,1
"affine",100,40,0.666666666666667,100134,0.99,0.95959595959596,0.95,0.9,1,0.96551724137931,0.957142857142857,0.0198122473451066,0.5
"affine",100,40,0.666666666666667,100135,0.99,0.747474747474748,0.74,0.9,1,0.810810810810811,0.709677419354839,0.0101697586769163,1
"affine",100,40,0.666666666666667,100136,0.99,0.636363636363636,0.63,0.9,1,0.631578947368421,0.6375,0.0308117310842635,0.5
"affine",100,40,0.666666666666667,100137,0.99,0.98989898989899,0.98,0.9,1,0.96875,1,0.0190730585877623,1
"affine",100,40,0.666666666666667,100138,0.99,1,0.99,0.9,1,1,1,0.0123104778629596,1
"affine",100,40,0.666666666666667,100139,0.99,0.98989898989899,0.98,0.9,1,1,0.986301369863014,0.0224327385314527,1
"affine",100,40,0.666666666666667,100140,0.99,0.98989898989899,0.98,0.9,1,1,0.986842105263158,0.0229066720750227,1
"affine",100,40,0.666666666666667,100141,0.99,1,0.99,0.9,1,1,1,0.0168483309700869,1
"affine",100,40,0.666666666666667,100142,0.99,0.848484848484849,0.84,0.9,1,0.96969696969697,0.787878787878788,0.0245418505868044,0
"affine",100,40,0.666666666666667,100143,0.99,0.797979797979798,0.79,0.9,1,0.935483870967742,0.735294117647059,0.0216492651806774,0.5
"affine",100,40,0.666666666666667,100144,0.99,0.98989898989899,0.98,0.9,1,1,0.987341772151899,0.0350736596885503,1
"affine",100,40,0.666666666666667,100145,0.99,0.98989898989899,0.98,0.9,1,1,0.985507246376812,0.023655273278002,1
"affine",100,40,0.666666666666667,100146,0.99,0.858585858585859,0.85,0.9,1,0.88,0.851351351351351,0.0260129242888456,0
"affine",100,40,0.666666666666667,100147,0.99,1,0.99,0.9,1,1,1,0.0165000002239952,1
"affine",100,40,0.666666666666667,100148,0.99,1,0.99,0.9,1,1,1,0.0252321963777814,0.5
"affine",100,40,0.666666666666667,100149,0.99,0.98989898989899,0.98,0.9,1,0.966666666666667,1,0.0190546437278096,1
"affine",100,40,0.666666666666667,100150,0.99,1,0.99,0.9,1,1,1,0.0305710194962791,1
"affine",100,40,0.666666666666667,100151,0.99,0.98989898989899,0.98,0.9,1,1,0.984375,0.0153363992592573,1
"affine",100,40,0.666666666666667,100152,0.99,0.878787878787879,0.87,0.9,1,0.772727272727273,0.909090909090909,0.0307233399753152,1
"affine",100,40,0.666666666666667,100153,0.99,0.96969696969697,0.96,0.9,1,0.96969696969697,0.96969696969697,0.0199976198334383,1
"affine",100,40,0.666666666666667,100154,0.99,0.878787878787879,0.87,0.9,1,0.962962962962963,0.847222222222222,0.0256712145609289,1
"affine",100,40,0.666666666666667,100155,0.99,0.98989898989899,0.98,0.9,1,1,0.985714285714286,0.0298629696642222,1
"affine",100,40,0.666666666666667,100156,0.99,1,0.99,0.9,1,1,1,0.0214844271580882,1
"affine",100,40,0.666666666666667,100157,0.99,1,0.99,0.9,1,1,1,0.015396981841954,1
"affine",100,40,0.666666666666667,100158,0.99,0.888888888888889,0.88,0.9,1,0.925925925925926,0.875,0.0303258920202431,1
"affine",100,40,0.666666666666667,100159,0.99,0.676767676767677,0.67,0.9,1,0.733333333333333,0.652173913043478,0.0121390678069434,0
"affine",100,40,0.666666666666667,100160,0.99,0.96969696969697,0.96,0.9,1,0.925925925925926,0.986111111111111,0.0149797762891892,1
"affine",100,40,0.666666666666667,100161,0.99,0.585858585858586,0.58,0.9,1,0.533333333333333,0.608695652173913,0.0154767675706505,0
"affine",100,40,0.666666666666667,100162,1,0.98,0.98,1,1,1,0.972972972972973,0.0325901744422358,1
"affine",100,40,0.666666666666667,100163,0.99,1,0.99,0.9,1,1,1,0.0182708483974343,1
"affine",100,40,0.666666666666667,100164,0.99,1,0.99,0.9,1,1,1,0.030966966259645,1
"affine",100,40,0.666666666666667,100165,0.99,1,0.99,0.9,1,1,1,0.0173807660459325,1
"affine",100,40,0.666666666666667,100166,0.99,0.97979797979798,0.97,0.9,1,1,0.971014492753623,0.0283837986924185,1
"affine",100,40,0.666666666666667,100167,0.99,1,0.99,0.9,1,1,1,0.0168712997008651,1
"affine",100,40,0.666666666666667,100168,0.99,0.898989898989899,0.89,0.9,1,1,0.876543209876543,0.0309600468677085,0.5
"affine",100,40,0.666666666666667,100169,0.99,1,0.99,0.9,1,1,1,0.0321939791249219,1
"affine",100,40,0.666666666666667,100170,0.99,0.909090909090909,0.9,0.9,1,1,0.88,0.0225284051317501,1
"affine",100,40,0.666666666666667,100171,0.99,0.767676767676768,0.76,0.9,1,0.75,0.774647887323944,0.0143604355674474,0.5
"affine",100,40,0.666666666666667,100172,0.99,1,0.99,0.9,1,1,1,0.0195776507523279,1
"affine",100,40,0.666666666666667,100173,0.99,1,0.99,0.9,1,1,1,0.0209798754936277,1
"affine",100,40,0.666666666666667,100174,0.99,1,0.99,0.9,1,1,1,0.0312823724900176,1
"affine",100,40,0.666666666666667,100175,0.99,0.97979797979798,0.97,0.9,1,1,0.973684210526316,0.0287780876968027,1
"affine",100,40,0.666666666666667,100176,0.99,0.757575757575758,0.75,0.9,1,0.851851851851852,0.722222222222222,0.0202384156085993,0
"affine",100,40,0.666666666666667,100177,0.99,1,0.99,0.9,1,1,1,0.0230386519243796,1
"affine",100,40,0.666666666666667,100178,0.99,0.98989898989899,0.98,0.9,1,1,0.983870967741935,0.0246160693901598,1
"affine",100,40,0.666666666666667,100179,0.99,1,0.99,0.9,1,1,1,0.0242179844356241,1
"affine",100,40,0.666666666666667,100180,0.99,1,0.99,0.9,1,1,1,0.0143376595231912,1
"affine",100,40,0.666666666666667,100181,0.99,1,0.99,0.9,1,1,1,0.0191540386422737,1
"affine",100,40,0.666666666666667,100182,0.99,0.98989898989899,0.98,0.9,1,1,0.986666666666667,0.0282791128239916,1
"affine",100,40,0.666666666666667,100183,0.99,0.848484848484849,0.84,0.9,1,0.896551724137931,0.828571428571429,0.0170031298387567,1
"affine",100,40,0.666666666666667,100184,0.99,1,0.99,0.9,1,1,1,0.0208229219513077,1
"affine",100,40,0.666666666666667,100185,0.99,1,0.99,0.9,1,1,1,0.0213822036260343,1
"affine",100,40,0.666666666666667,100186,0.99,0.666666666666667,0.66,0.9,1,0.807692307692308,0.616438356164384,0.0154887788922262,1
"affine",100,40,0.666666666666667,100187,0.99,0.656565656565657,0.65,0.9,1,0.592592592592593,0.680555555555556,0.0163378498284928,1
"affine",100,40,0.666666666666667,100188,0.99,1,0.99,0.9,1,1,1,0.0143749056557205,1
"affine",100,40,0.666666666666667,100189,0.99,0.98989898989899,0.98,0.9,1,1,0.987179487179487,0.0367641823541216,1
"affine",100,40,0.666666666666667,100190,0.99,1,0.99,0.9,1,1,1,0.0205486650207023,1
"affine",100,40,0.666666666666667,100191,0.99,0.98989898989899,0.98,0.9,1,0.967741935483871,1,0.0210463488453959,1
"affine",100,40,0.666666666666667,100192,0.99,0.98989898989899,0.98,0.9,1,1,0.985714285714286,0.0189178846503806,1
"affine",100,40,0.666666666666667,100193,0.99,0.98989898989899,0.98,0.9,1,1,0.985074626865672,0.020504282837927,1
"affine",100,40,0.666666666666667,100194,0.99,1,0.99,0.9,1,1,1,0.0194973576242367,1
"affine",100,40,0.666666666666667,100195,0.99,1,0.99,0.9,1,1,1,0.0216373999385915,1
"affine",100,40,0.666666666666667,100196,0.99,0.98989898989899,0.98,0.9,1,0.966666666666667,1,0.0226981121701234,1
"affine",100,40,0.666666666666667,100197,0.99,1,0.99,0.9,1,1,1,0.0133659746477319,1
"affine",100,40,0.666666666666667,100198,0.99,1,0.99,0.9,1,1,1,0.0164268875326659,1
"affine",100,40,0.666666666666667,100199,0.99,0.656565656565657,0.65,0.9,1,0.615384615384615,0.671232876712329,0.013003937818011,0.5
"affine",100,40,0.666666666666667,100200,0.99,1,0.99,0.9,1,1,1,0.0320005735828263,1
"curved",100,40,0.666666666666667,1100001,0.99,0.727272727272727,0.72,0.9,1,0.6875,0.746268656716418,0.0298905761381457,1
"curved",100,40,0.666666666666667,1100002,0.99,0.535353535353535,0.53,0.9,1,0.59375,0.507462686567164,0.0233037490429396,0
"curved",100,40,0.666666666666667,1100003,0.99,0.94949494949495,0.94,0.9,1,1,0.925373134328358,0.0293472829570169,1
"curved",100,40,0.666666666666667,1100004,0.99,0.97979797979798,0.97,0.9,1,0.96969696969697,0.984848484848485,0.0380504536589471,1
"curved",100,40,0.666666666666667,1100005,0.99,1,0.99,0.9,1,1,1,0.0503194701441502,1
"curved",100,40,0.666666666666667,1100006,0.99,0.848484848484849,0.84,0.9,1,0.9375,0.805970149253731,0.0310327253831043,1
"curved",100,40,0.666666666666667,1100007,0.99,0.94949494949495,0.94,0.9,1,0.923076923076923,0.958904109589041,0.0431477314848239,1
"curved",100,40,0.666666666666667,1100008,0.99,0.929292929292929,0.92,0.9,1,0.96551724137931,0.914285714285714,0.0315092879993978,1
"curved",100,40,0.666666666666667,1100009,0.99,0.868686868686869,0.86,0.9,1,0.8125,0.895522388059702,0.039338120904612,1
"curved",100,40,0.666666666666667,1100010,0.99,0.98989898989899,0.98,0.9,1,1,0.983606557377049,0.0321562673085479,1
"curved",100,40,0.666666666666667,1100011,0.99,1,0.99,0.9,1,1,1,0.0412066752483078,0.5
"curved",100,40,0.666666666666667,1100012,0.99,0.96969696969697,0.96,0.9,1,0.972222222222222,0.968253968253968,0.0359683093062458,1
"curved",100,40,0.666666666666667,1100013,0.99,0.757575757575758,0.75,0.9,1,0.8,0.743243243243243,0.0403012786977452,1
"curved",100,40,0.666666666666667,1100014,0.99,0.818181818181818,0.81,0.9,1,0.823529411764706,0.815384615384615,0.0293878733136741,1
"curved",100,40,0.666666666666667,1100015,0.99,0.545454545454545,0.54,0.9,1,0.76,0.472972972972973,0.033285899530143,0.5
"curved",100,40,0.666666666666667,1100016,0.99,0.848484848484849,0.84,0.9,1,0.8,0.869565217391304,0.0456731506402271,1
"curved",100,40,0.666666666666667,1100017,0.99,0.95959595959596,0.95,0.9,1,0.974358974358974,0.95,0.0291955210488721,1
"curved",100,40,0.666666666666667,1100018,0.99,0.95959595959596,0.95,0.9,1,0.9375,0.970149253731343,0.0366479859036165,1
"curved",100,40,0.666666666666667,1100019,0.99,0.757575757575758,0.75,0.9,1,0.870967741935484,0.705882352941177,0.0320267604442063,0.5
"curved",100,40,0.666666666666667,1100020,0.99,0.878787878787879,0.87,0.9,1,0.904761904761905,0.871794871794872,0.047124289995075,1
"curved",100,40,0.666666666666667,1100021,0.99,0.888888888888889,0.88,0.9,1,0.96875,0.850746268656716,0.0332352297462465,1
"curved",100,40,0.666666666666667,1100022,0.99,0.666666666666667,0.66,0.9,1,0.666666666666667,0.666666666666667,0.0429791315883575,0.5
"curved",100,40,0.666666666666667,1100023,0.99,0.656565656565657,0.65,0.9,1,0.705882352941177,0.630769230769231,0.0319206041562995,0
"curved",100,40,0.666666666666667,1100024,0.99,0.494949494949495,0.49,0.9,1,0.782608695652174,0.407894736842105,0.0388052241103154,0
"curved",100,40,0.666666666666667,1100025,0.99,0.838383838383838,0.83,0.9,1,0.870967741935484,0.823529411764706,0.0427684620454492,0.5
"curved",100,40,0.666666666666667,1100026,0.99,0.727272727272727,0.72,0.9,1,0.766666666666667,0.710144927536232,0.0380544740458203,1
"curved",100,40,0.666666666666667,1100027,0.99,0.939393939393939,0.93,0.9,1,0.964285714285714,0.929577464788732,0.0440531983119801,1
"curved",100,40,0.666666666666667,1100028,0.99,0.878787878787879,0.87,0.9,1,0.80952380952381,0.897435897435897,0.0454471682215541,1
"curved",100,40,0.666666666666667,1100029,0.99,0.838383838383838,0.83,0.9,1,0.864864864864865,0.82258064516129,0.0250456243863939,1
"curved",100,40,0.666666666666667,1100030,0.99,0.939393939393939,0.93,0.9,1,0.918918918918919,0.951612903225806,0.0269343159570385,1
"curved",100,40,0.666666666666667,1100031,0.99,0.97979797979798,0.97,0.9,1,1,0.970149253731343,0.0338681240219733,1
"curved",100,40,0.666666666666667,1100032,0.99,0.94949494949495,0.94,0.9,1,0.966666666666667,0.942028985507246,0.0351238023803692,1
"curved",100,40,0.666666666666667,1100033,0.99,0.848484848484849,0.84,0.9,1,0.878787878787879,0.833333333333333,0.0404709344538404,1
"curved",100,40,0.666666666666667,1100034,0.99,0.828282828282828,0.82,0.9,1,0.9,0.797101449275362,0.0357018285266726,1
"curved",100,40,0.666666666666667,1100035,0.99,0.616161616161616,0.61,0.9,1,0.722222222222222,0.555555555555556,0.0288350048170921,0
"curved",100,40,0.666666666666667,1100036,0.99,0.828282828282828,0.82,0.9,1,0.771428571428571,0.859375,0.0258802639144072,1
"curved",100,40,0.666666666666667,1100037,0.98,0.836734693877551,0.82,0.8,1,0.892857142857143,0.814285714285714,0.0384970056784498,1
"curved",100,40,0.666666666666667,1100038,0.99,0.98989898989899,0.98,0.9,1,1,0.985294117647059,0.0395708526398503,1
"curved",100,40,0.666666666666667,1100039,0.99,0.606060606060606,0.6,0.9,1,0.655172413793103,0.585714285714286,0.0295057154314181,0
"curved",100,40,0.666666666666667,1100040,0.99,0.888888888888889,0.88,0.9,1,0.967741935483871,0.852941176470588,0.0378654557984713,0
"curved",100,40,0.666666666666667,1100041,0.99,0.606060606060606,0.6,0.9,1,0.545454545454545,0.623376623376623,0.0330900727424703,0.5
"curved",100,40,0.666666666666667,1100042,0.99,0.95959595959596,0.95,0.9,1,0.92,0.972972972972973,0.0403621863147795,1
"curved",100,40,0.666666666666667,1100043,0.99,0.565656565656566,0.56,0.9,1,0.684210526315789,0.491803278688525,0.0299621994738566,0.5
"curved",100,40,0.666666666666667,1100044,0.99,0.97979797979798,0.97,0.9,1,1,0.971428571428571,0.0425984529516752,1
"curved",100,40,0.666666666666667,1100045,0.99,0.95959595959596,0.95,0.9,1,0.970588235294118,0.953846153846154,0.0424592028800468,0.5
"curved",100,40,0.666666666666667,1100046,0.99,0.94949494949495,0.94,0.9,1,0.92,0.959459459459459,0.0384991072696118,1
"curved",100,40,0.666666666666667,1100047,0.99,0.898989898989899,0.89,0.9,1,0.923076923076923,0.89041095890411,0.0385135410757967,1
"curved",100,40,0.666666666666667,1100048,0.99,0.98989898989899,0.98,0.9,1,1,0.985714285714286,0.0361625283435176,1
"curved",100,40,0.666666666666667,1100049,0.99,0.484848484848485,0.48,0.9,1,0.575,0.423728813559322,0.0259187783090522,0
"curved",100,40,0.666666666666667,1100050,0.99,0.848484848484849,0.84,0.9,1,0.8,0.869565217391304,0.0346153929777809,1
"curved",100,40,0.666666666666667,1100051,0.99,0.97979797979798,0.97,0.9,1,1,0.972972972972973,0.0361529663374404,1
"curved",100,40,0.666666666666667,1100052,0.99,0.696969696969697,0.69,0.9,1,0.769230769230769,0.671232876712329,0.0380765037064864,0.5
"curved",100,40,0.666666666666667,1100053,0.99,0.727272727272727,0.72,0.9,1,0.68,0.743243243243243,0.0341737827288541,0.5
"curved",100,40,0.666666666666667,1100054,0.99,0.747474747474748,0.74,0.9,1,0.774193548387097,0.735294117647059,0.0307682699753491,1
"curved",100,40,0.666666666666667,1100055,0.99,0.868686868686869,0.86,0.9,1,0.962962962962963,0.833333333333333,0.0351020034820615,0.5
"curved",100,40,0.666666666666667,1100056,0.99,1,0.99,0.9,1,1,1,0.0406281336299542,1
"curved",100,40,0.666666666666667,1100057,0.99,0.878787878787879,0.87,0.9,1,0.84,0.891891891891892,0.029800671400001,1
"curved",100,40,0.666666666666667,1100058,0.99,0.656565656565657,0.65,0.9,1,0.558823529411765,0.707692307692308,0.0319647266157453,0.5
"curved",100,40,0.666666666666667,1100059,0.99,0.646464646464647,0.64,0.9,1,0.689655172413793,0.628571428571429,0.0357491703948765,1
"curved",100,40,0.666666666666667,1100060,0.99,0.848484848484849,0.84,0.9,1,0.9,0.826086956521739,0.0320057131890231,0.5
"curved",100,40,0.666666666666667,1100061,0.99,0.747474747474748,0.74,0.9,1,0.8,0.72463768115942,0.0274548696305427,0.5
"curved",100,40,0.666666666666667,1100062,0.99,0.838383838383838,0.83,0.9,1,0.928571428571429,0.771929824561403,0.0265009330186192,0
"curved",100,40,0.666666666666667,1100063,0.99,0.727272727272727,0.72,0.9,1,0.818181818181818,0.681818181818182,0.0250833467876879,0.5
"curved",100,40,0.666666666666667,1100064,0.99,0.828282828282828,0.82,0.9,1,0.806451612903226,0.838235294117647,0.0337001452887778,0
"curved",100,40,0.666666666666667,1100065,0.99,0.858585858585859,0.85,0.9,1,0.851851851851852,0.861111111111111,0.043506461358638,1
"curved",100,40,0.666666666666667,1100066,0.99,0.686868686868687,0.68,0.9,1,0.730769230769231,0.671232876712329,0.0385915525958865,1
"curved",100,40,0.666666666666667,1100067,0.99,0.888888888888889,0.88,0.9,1,1,0.855263157894737,0.0411737656398745,1
"curved",100,40,0.666666666666667,1100068,0.99,0.98989898989899,0.98,0.9,1,1,0.986301369863014,0.0411263236584809,1
"curved",100,40,0.666666666666667,1100069,0.99,0.909090909090909,0.9,0.9,1,0.970588235294118,0.876923076923077,0.0317975570385527,1
"curved",100,40,0.666666666666667,1100070,0.99,0.909090909090909,0.9,0.9,1,1,0.878378378378378,0.041596732754088,1
"curved",100,40,0.666666666666667,1100071,0.99,0.929292929292929,0.92,0.9,1,0.972222222222222,0.904761904761905,0.0315336759852604,1
"curved",100,40,0.666666666666667,1100072,0.99,0.757575757575758,0.75,0.9,1,1,0.657142857142857,0.0385578745747485,1
"curved",100,40,0.666666666666667,1100073,1,0.88,0.88,1,1,0.909090909090909,0.865671641791045,0.0329821643802152,1
"curved",100,40,0.666666666666667,1100074,0.99,0.757575757575758,0.75,0.9,1,0.862068965517241,0.714285714285714,0.0374257668992324,1
"curved",100,40,0.666666666666667,1100075,0.99,0.787878787878788,0.78,0.9,1,0.885714285714286,0.734375,0.0292561796136542,0.5
"curved",100,40,0.666666666666667,1100076,0.99,0.97979797979798,0.97,0.9,1,0.96969696969697,0.984848484848485,0.0371572200482784,1
"curved",100,40,0.666666666666667,1100077,0.99,0.898989898989899,0.89,0.9,1,1,0.864864864864865,0.0413251484671495,1
"curved",100,40,0.666666666666667,1100078,0.99,0.939393939393939,0.93,0.9,1,0.966666666666667,0.927536231884058,0.0410724874456673,1
"curved",100,40,0.666666666666667,1100079,0.99,1,0.99,0.9,1,1,1,0.0296705231068932,1
"curved",100,40,0.666666666666667,1100080,0.99,0.666666666666667,0.66,0.9,1,0.735294117647059,0.630769230769231,0.0287519767353467,0.5
"curved",100,40,0.666666666666667,1100081,0.99,0.97979797979798,0.97,0.9,1,1,0.974025974025974,0.0492779964717374,1
"curved",100,40,0.666666666666667,1100082,0.99,0.898989898989899,0.89,0.9,1,0.866666666666667,0.91304347826087,0.0288897811071485,1
"curved",100,40,0.666666666666667,1100083,0.99,0.787878787878788,0.78,0.9,1,0.814814814814815,0.777777777777778,0.0396533968667064,0.5
"curved",100,40,0.666666666666667,1100084,0.99,0.818181818181818,0.81,0.9,1,0.931034482758621,0.771428571428571,0.0349242441862194,0
"curved",100,40,0.666666666666667,1100085,0.99,0.656565656565657,0.65,0.9,1,0.804878048780488,0.551724137931034,0.0223246692354774,0
"curved",100,40,0.666666666666667,1100086,1,0.84,0.84,1,1,0.793103448275862,0.859154929577465,0.0309996797757294,1
"curved",100,40,0.666666666666667,1100087,0.99,0.757575757575758,0.75,0.9,1,0.777777777777778,0.75,0.0325244000411192,0.5
"curved",100,40,0.666666666666667,1100088,0.99,0.878787878787879,0.87,0.9,1,0.827586206896552,0.9,0.0439869390371178,1
"curved",100,40,0.666666666666667,1100089,0.99,0.808080808080808,0.8,0.9,1,0.793103448275862,0.814285714285714,0.0382108518640315,0
"curved",100,40,0.666666666666667,1100090,0.99,0.939393939393939,0.93,0.9,1,0.939393939393939,0.939393939393939,0.0324852859578647,0
"curved",100,40,0.666666666666667,1100091,0.99,0.858585858585859,0.85,0.9,1,0.931034482758621,0.828571428571429,0.0431365470603156,1
"curved",100,40,0.666666666666667,1100092,0.99,0.848484848484849,0.84,0.9,1,0.871794871794872,0.833333333333333,0.0297470775160369,1
"curved",100,40,0.666666666666667,1100093,0.99,0.565656565656566,0.56,0.9,1,0.708333333333333,0.52,0.0382196042750357,0
"curved",100,40,0.666666666666667,1100094,0.99,0.555555555555556,0.55,0.9,1,0.689655172413793,0.5,0.0334679924918544,0
"curved",100,40,0.666666666666667,1100095,0.99,0.97979797979798,0.97,0.9,1,1,0.971830985915493,0.0444151666051648,1
"curved",100,40,0.666666666666667,1100096,0.99,0.96969696969697,0.96,0.9,1,0.944444444444444,0.984126984126984,0.0328694566088022,1
"curved",100,40,0.666666666666667,1100097,0.99,0.878787878787879,0.87,0.9,1,0.96,0.851351351351351,0.0385936048331805,1
"curved",100,40,0.666666666666667,1100098,0.99,0.98989898989899,0.98,0.9,1,1,0.984615384615385,0.0341287228760858,1
"curved",100,40,0.666666666666667,1100099,0.99,0.898989898989899,0.89,0.9,1,0.866666666666667,0.91304347826087,0.0296711193903718,1
"curved",100,40,0.666666666666667,1100100,0.99,1,0.99,0.9,1,1,1,0.042740494185153,1
"curved",100,40,0.666666666666667,1100101,0.99,0.555555555555556,0.55,0.9,1,0.708333333333333,0.506666666666667,0.0444442783920302,0.5
"curved",100,40,0.666666666666667,1100102,0.99,0.888888888888889,0.88,0.9,1,0.923076923076923,0.876712328767123,0.0322032751699314,1
"curved",100,40,0.666666666666667,1100103,0.99,0.94949494949495,0.94,0.9,1,0.96969696969697,0.939393939393939,0.0346803755531461,1
"curved",100,40,0.666666666666667,1100104,0.99,0.626262626262626,0.62,0.9,1,0.757575757575758,0.560606060606061,0.0273190203210188,0
"curved",100,40,0.666666666666667,1100105,0.99,0.787878787878788,0.78,0.9,1,0.896551724137931,0.742857142857143,0.0291183889224109,1
"curved",100,40,0.666666666666667,1100106,0.99,0.98989898989899,0.98,0.9,1,1,0.986486486486487,0.0478349480545854,1
"curved",100,40,0.666666666666667,1100107,0.99,0.545454545454545,0.54,0.9,1,0.666666666666667,0.506666666666667,0.0451007409775919,0
"curved",100,40,0.666666666666667,1100108,0.99,0.707070707070707,0.7,0.9,1,0.825,0.627118644067797,0.0316396621024737,0
"curved",100,40,0.666666666666667,1100109,0.99,0.868686868686869,0.86,0.9,1,0.956521739130435,0.842105263157895,0.0438773332159363,0.5
"curved",100,40,0.666666666666667,1100110,0.99,0.909090909090909,0.9,0.9,1,0.894736842105263,0.918032786885246,0.0347939078916625,0
"curved",100,40,0.666666666666667,1100111,0.99,0.828282828282828,0.82,0.9,1,0.892857142857143,0.802816901408451,0.0376897505695287,0.5
"curved",100,40,0.666666666666667,1100112,0.99,0.929292929292929,0.92,0.9,1,0.888888888888889,0.944444444444444,0.0349432884701621,1
"curved",100,40,0.666666666666667,1100113,0.99,0.898989898989899,0.89,0.9,1,0.911764705882353,0.892307692307692,0.0312253992819223,0.5
"curved",100,40,0.666666666666667,1100114,0.99,0.868686868686869,0.86,0.9,1,0.941176470588235,0.830769230769231,0.0370636520048733,1
"curved",100,40,0.666666666666667,1100115,0.99,0.98989898989899,0.98,0.9,1,1,0.985294117647059,0.0402098729630005,1
"curved",100,40,0.666666666666667,1100116,0.99,0.737373737373737,0.73,0.9,1,0.793103448275862,0.714285714285714,0.0299623501389957,0
"curved",100,40,0.666666666666667,1100117,0.99,0.919191919191919,0.91,0.9,1,0.948717948717949,0.9,0.0277830184804337,1
"curved",100,40,0.666666666666667,1100118,0.99,0.737373737373737,0.73,0.9,1,0.666666666666667,0.763888888888889,0.0336307826802388,0.5
"curved",100,40,0.666666666666667,1100119,0.99,0.919191919191919,0.91,0.9,1,0.939393939393939,0.909090909090909,0.0379559378923021,1
"curved",100,40,0.666666666666667,1100120,0.99,0.858585858585859,0.85,0.9,1,0.904761904761905,0.846153846153846,0.0368265581839392,0
"curved",100,40,0.666666666666667,1100121,0.99,0.848484848484849,0.84,0.9,1,0.935483870967742,0.808823529411765,0.030350385930317,0.5
"curved",100,40,0.666666666666667,1100122,0.99,0.848484848484849,0.84,0.9,1,0.76,0.878378378378378,0.036787070502059,0.5
"curved",100,40,0.666666666666667,1100123,1,0.58,0.58,1,1,0.666666666666667,0.537313432835821,0.0299655599923631,0.5
"curved",100,40,0.666666666666667,1100124,0.99,0.97979797979798,0.97,0.9,1,1,0.971830985915493,0.0322116567495585,1
"curved",100,40,0.666666666666667,1100125,0.99,0.939393939393939,0.93,0.9,1,1,0.903225806451613,0.0315712101416681,0
"curved",100,40,0.666666666666667,1100126,0.99,0.707070707070707,0.7,0.9,1,0.789473684210526,0.6875,0.0433035253045916,0
"curved",100,40,0.666666666666667,1100127,0.99,0.787878787878788,0.78,0.9,1,0.878787878787879,0.742424242424242,0.0295745875272817,1
"curved",100,40,0.666666666666667,1100128,0.99,0.585858585858586,0.58,0.9,1,0.59375,0.582089552238806,0.0286043421617356,1
"curved",100,40,0.666666666666667,1100129,0.99,0.96969696969697,0.96,0.9,1,1,0.951612903225806,0.0347306513338058,1
"curved",100,40,0.666666666666667,1100130,0.99,0.828282828282828,0.82,0.9,1,0.84375,0.82089552238806,0.030321086170004,1
"curved",100,40,0.666666666666667,1100131,0.99,0.838383838383838,0.83,0.9,1,0.923076923076923,0.808219178082192,0.0461357815335078,1
"curved",100,40,0.666666666666667,1100132,0.99,0.868686868686869,0.86,0.9,1,0.966666666666667,0.826086956521739,0.0348343724876445,0.5
"curved",100,40,0.666666666666667,1100133,0.99,0.686868686868687,0.68,0.9,1,0.823529411764706,0.615384615384615,0.0263692532951485,0
"curved",100,40,0.666666666666667,1100134,0.99,0.474747474747475,0.47,0.9,1,0.518518518518518,0.458333333333333,0.0322799044908979,0
"curved",100,40,0.666666666666667,1100135,0.99,1,0.99,0.9,1,1,1,0.0412900885637199,1
"curved",100,40,0.666666666666667,1100136,0.99,1,0.99,0.9,1,1,1,0.0382121625274773,1
"curved",100,40,0.666666666666667,1100137,0.99,0.808080808080808,0.8,0.9,1,0.777777777777778,0.825396825396825,0.0347333773412158,1
"curved",100,40,0.666666666666667,1100138,0.99,0.919191919191919,0.91,0.9,1,1,0.882352941176471,0.0303434505153427,1
"curved",100,40,0.666666666666667,1100139,0.99,0.414141414141414,0.41,0.9,1,0.423076923076923,0.410958904109589,0.0349232502613059,0.5
"curved",100,40,0.666666666666667,1100140,0.99,0.737373737373737,0.73,0.9,1,0.769230769230769,0.726027397260274,0.0348621202945331,1
"curved",100,40,0.666666666666667,1100141,0.99,1,0.99,0.9,1,1,1,0.04528034248795,1
"curved",100,40,0.666666666666667,1100142,0.99,0.646464646464647,0.64,0.9,1,0.826086956521739,0.592105263157895,0.0371236173669899,0
"curved",100,40,0.666666666666667,1100143,0.98,0.806122448979592,0.79,0.8,1,0.842105263157895,0.79746835443038,0.0487557822420123,1
"curved",100,40,0.666666666666667,1100144,0.99,0.919191919191919,0.91,0.9,1,0.90625,0.925373134328358,0.0324262445755685,1
"curved",100,40,0.666666666666667,1100145,0.99,1,0.99,0.9,1,1,1,0.0429460266640979,1
"curved",100,40,0.666666666666667,1100146,0.99,0.838383838383838,0.83,0.9,1,0.833333333333333,0.840579710144927,0.0376401571591223,0
"curved",100,40,0.666666666666667,1100147,0.99,1,0.99,0.9,1,1,1,0.0448157279336241,1
"curved",100,40,0.666666666666667,1100148,0.99,0.898989898989899,0.89,0.9,1,0.909090909090909,0.893939393939394,0.0331716235170695,0.5
"curved",100,40,0.666666666666667,1100149,0.99,0.656565656565657,0.65,0.9,1,0.666666666666667,0.652777777777778,0.0321258182837878,0
"curved",100,40,0.666666666666667,1100150,0.99,0.98989898989899,0.98,0.9,1,1,0.986842105263158,0.0453631391163993,1
"curved",100,40,0.666666666666667,1100151,0.99,0.686868686868687,0.68,0.9,1,0.80952380952381,0.653846153846154,0.0417825882874802,0
"curved",100,40,0.666666666666667,1100152,0.99,1,0.99,0.9,1,1,1,0.0333553224637197,1
"curved",100,40,0.666666666666667,1100153,0.99,0.787878787878788,0.78,0.9,1,0.851851851851852,0.763888888888889,0.0397718223366557,1
"curved",100,40,0.666666666666667,1100154,0.99,0.97979797979798,0.97,0.9,1,1,0.971428571428571,0.0317623712165866,1
"curved",100,40,0.666666666666667,1100155,0.99,1,0.99,0.9,1,1,1,0.0338068488746976,1
"curved",100,40,0.666666666666667,1100156,0.99,1,0.99,0.9,1,1,1,0.0347077998008853,1
"curved",100,40,0.666666666666667,1100157,0.99,0.929292929292929,0.92,0.9,1,0.9,0.942028985507246,0.0400118336409337,1
"curved",100,40,0.666666666666667,1100158,0.99,0.676767676767677,0.67,0.9,1,0.777777777777778,0.638888888888889,0.038695689249975,1
"curved",100,40,0.666666666666667,1100159,0.99,0.909090909090909,0.9,0.9,1,0.882352941176471,0.923076923076923,0.033113381401598,1
"curved",100,40,0.666666666666667,1100160,0.99,0.858585858585859,0.85,0.9,1,0.961538461538462,0.821917808219178,0.0372989420836385,1
"curved",100,40,0.666666666666667,1100161,0.99,0.898989898989899,0.89,0.9,1,0.925925925925926,0.888888888888889,0.0395110089427818,0
"curved",100,40,0.666666666666667,1100162,0.99,0.777777777777778,0.77,0.9,1,0.8,0.768115942028985,0.0397085315863772,1
"curved",100,40,0.666666666666667,1100163,0.99,0.898989898989899,0.89,0.9,1,0.921052631578947,0.885245901639344,0.0271891343525443,0.5
"curved",100,40,0.666666666666667,1100164,0.99,0.94949494949495,0.94,0.9,1,0.903225806451613,0.970588235294118,0.0379166324353766,1
"curved",100,40,0.666666666666667,1100165,0.99,0.858585858585859,0.85,0.9,1,0.787878787878788,0.893939393939394,0.0320888713517034,1
"curved",100,40,0.666666666666667,1100166,0.99,0.898989898989899,0.89,0.9,1,0.967741935483871,0.867647058823529,0.0289566987875122,1
"curved",100,40,0.666666666666667,1100167,0.99,1,0.99,0.9,1,1,1,0.0433498404697648,1
"curved",100,40,0.666666666666667,1100168,0.99,0.939393939393939,0.93,0.9,1,0.967741935483871,0.926470588235294,0.039834127666403,0
"curved",100,40,0.666666666666667,1100169,0.99,0.686868686868687,0.68,0.9,1,0.71875,0.671641791044776,0.0347902402943986,0.5
"curved",100,40,0.666666666666667,1100170,0.99,1,0.99,0.9,1,1,1,0.0407624828705887,1
"curved",100,40,0.666666666666667,1100171,0.99,0.848484848484849,0.84,0.9,1,1,0.8,0.0357916555770911,0.5
"curved",100,40,0.666666666666667,1100172,0.99,0.818181818181818,0.81,0.9,1,0.821428571428571,0.816901408450704,0.0346145553429733,0
"curved",100,40,0.666666666666667,1100173,0.99,0.797979797979798,0.79,0.9,1,0.869565217391304,0.776315789473684,0.0493022878107845,1
"curved",100,40,0.666666666666667,1100174,0.99,0.919191919191919,0.91,0.9,1,1,0.894736842105263,0.0484397851794739,1
"curved",100,40,0.666666666666667,1100175,0.99,0.868686868686869,0.86,0.9,1,0.888888888888889,0.857142857142857,0.0313952599517452,0.5
"curved",100,40,0.666666666666667,1100176,0.99,0.585858585858586,0.58,0.9,1,0.678571428571429,0.549295774647887,0.0281566532074096,0.5
"curved",100,40,0.666666666666667,1100177,0.99,0.575757575757576,0.57,0.9,1,0.72,0.527027027027027,0.0326212799133444,0
"curved",100,40,0.666666666666667,1100178,0.99,0.94949494949495,0.94,0.9,1,0.972222222222222,0.936507936507937,0.0305311998164843,1
"curved",100,40,0.666666666666667,1100179,0.99,0.878787878787879,0.87,0.9,1,0.888888888888889,0.875,0.0432896408660881,0.5
"curved",100,40,0.666666666666667,1100180,0.99,0.96969696969697,0.96,0.9,1,1,0.955223880597015,0.0468962419211065,1
"curved",100,40,0.666666666666667,1100181,0.99,0.838383838383838,0.83,0.9,1,0.931034482758621,0.8,0.0345338612366525,1
"curved",100,40,0.666666666666667,1100182,0.99,0.696969696969697,0.69,0.9,1,0.666666666666667,0.714285714285714,0.0399060745414344,1
"curved",100,40,0.666666666666667,1100183,0.99,0.767676767676768,0.76,0.9,1,0.739130434782609,0.776315789473684,0.0367535663112341,0.5
"curved",100,40,0.666666666666667,1100184,0.99,0.96969696969697,0.96,0.9,1,1,0.958333333333333,0.0380242846708777,0.5
"curved",100,40,0.666666666666667,1100185,0.99,0.626262626262626,0.62,0.9,1,0.7,0.594202898550725,0.0329767135946714,0.5
"curved",100,40,0.666666666666667,1100186,0.99,0.757575757575758,0.75,0.9,1,0.833333333333333,0.72463768115942,0.032474251315263,0.5
"curved",100,40,0.666666666666667,1100187,0.99,0.98989898989899,0.98,0.9,1,1,0.986301369863014,0.0412148753049245,1
"curved",100,40,0.666666666666667,1100188,0.99,0.777777777777778,0.77,0.9,1,0.952380952380952,0.730769230769231,0.038552737966783,0
"curved",100,40,0.666666666666667,1100189,0.99,0.797979797979798,0.79,0.9,1,0.794117647058823,0.8,0.0284669239385109,1
"curved",100,40,0.666666666666667,1100190,0.99,0.717171717171717,0.71,0.9,1,0.65625,0.746268656716418,0.0380921839121736,1
"curved",100,40,0.666666666666667,1100191,0.99,0.919191919191919,0.91,0.9,1,0.96551724137931,0.9,0.0377759978771663,1
"curved",100,40,0.666666666666667,1100192,0.99,0.686868686868687,0.68,0.9,1,0.666666666666667,0.694444444444444,0.0387757695127231,1
"curved",100,40,0.666666666666667,1100193,0.99,0.777777777777778,0.77,0.9,1,0.758620689655172,0.785714285714286,0.0305458856614517,1
"curved",100,40,0.666666666666667,1100194,0.99,0.98989898989899,0.98,0.9,1,1,0.986111111111111,0.0396684986633741,1
"curved",100,40,0.666666666666667,1100195,0.99,0.777777777777778,0.77,0.9,1,0.774193548387097,0.779411764705882,0.0308644466695741,0.5
"curved",100,40,0.666666666666667,1100196,0.99,0.919191919191919,0.91,0.9,1,0.892857142857143,0.929577464788732,0.0405696327816462,1
"curved",100,40,0.666666666666667,1100197,0.99,1,0.99,0.9,1,1,1,0.0345995739724715,1
"curved",100,40,0.666666666666667,1100198,0.99,1,0.99,0.9,1,1,1,0.0423075036590277,1
"curved",100,40,0.666666666666667,1100199,0.99,0.858585858585859,0.85,0.9,1,0.852941176470588,0.861538461538462,0.0317512873626291,1
"curved",100,40,0.666666666666667,1100200,0.99,0.96969696969697,0.96,0.9,1,1,0.955223880597015,0.0388054099911564,1
"affine",100,25,0.5,100001,0.98,1,0.98,0.8,1,1,1,0.031943997411188,1
"affine",100,25,0.5,100002,0.98,1,0.98,0.8,1,1,1,0.0371963700154953,1
"affine",100,25,0.5,100003,0.98,1,0.98,0.8,1,1,1,0.0302282561847552,1
"affine",100,25,0.5,100004,0.98,1,0.98,0.8,1,1,1,0.0325279538267985,1
"affine",100,25,0.5,100005,0.98,0.704081632653061,0.69,0.8,1,0.769230769230769,0.680555555555556,0.0415071203791797,1
"affine",100,25,0.5,100006,0.98,1,0.98,0.8,1,1,1,0.0249697358747306,1
"affine",100,25,0.5,100007,0.98,1,0.98,0.8,1,1,1,0.033893482933013,1
"affine",100,25,0.5,100008,0.98,1,0.98,0.8,1,1,1,0.0357390199979059,1
"affine",100,25,0.5,100009,0.98,1,0.98,0.8,1,1,1,0.0218472780838024,1
"affine",100,25,0.5,100010,0.98,0.979591836734694,0.96,0.8,1,1,0.96969696969697,0.0355519713137094,1
"affine",100,25,0.5,100011,0.98,1,0.98,0.8,1,1,1,0.0533536882274847,1
"affine",100,25,0.5,100012,0.98,1,0.98,0.8,1,1,1,0.0440200862658114,1
"affine",100,25,0.5,100013,0.98,1,0.98,0.8,1,1,1,0.0319464981866335,1
"affine",100,25,0.5,100014,0.98,0.979591836734694,0.96,0.8,1,1,0.974025974025974,0.0469368126578854,1
"affine",100,25,0.5,100015,0.98,0.969387755102041,0.95,0.8,1,1,0.951612903225806,0.0328288088696768,1
"affine",100,25,0.5,100016,0.98,1,0.98,0.8,1,1,1,0.0405064270852235,1
"affine",100,25,0.5,100017,0.98,0.979591836734694,0.96,0.8,1,1,0.971428571428571,0.0410907521183144,1
"affine",100,25,0.5,100018,0.98,1,0.98,0.8,1,1,1,0.0433056608466567,0.5
"affine",100,25,0.5,100019,0.98,1,0.98,0.8,1,1,1,0.0493150220355316,1
"affine",100,25,0.5,100020,0.99,0.98989898989899,0.98,0.9,1,1,0.986111111111111,0.0507422936941532,1
"affine",100,25,0.5,100021,0.98,1,0.98,0.8,1,1,1,0.0425990228749603,1
"affine",100,25,0.5,100022,0.98,1,0.98,0.8,1,1,1,0.0390946240875676,1
"affine",100,25,0.5,100023,0.98,1,0.98,0.8,1,1,1,0.0305039987017805,1
"affine",100,25,0.5,100024,0.97,1,0.97,0.7,1,1,1,0.0242373850602197,1
"affine",100,25,0.5,100025,0.98,0.969387755102041,0.95,0.8,1,1,0.955882352941177,0.0361682680851254,1
"affine",100,25,0.5,100026,0.98,1,0.98,0.8,1,1,1,0.0420483130313565,1
"affine",100,25,0.5,100027,0.98,1,0.98,0.8,1,1,1,0.0517130760895252,1
"affine",100,25,0.5,100028,0.98,1,0.98,0.8,1,1,1,0.0341847211601745,1
"affine",100,25,0.5,100029,0.98,1,0.98,0.8,1,1,1,0.0473771762656223,1
"affine",100,25,0.5,100030,0.99,0.98989898989899,0.98,0.9,1,1,0.985507246376812,0.0407195975760261,1
"affine",100,25,0.5,100031,0.98,1,0.98,0.8,1,1,1,0.0445996813957558,1
"affine",100,25,0.5,100032,0.98,1,0.98,0.8,1,1,1,0.055638023899844,1
"affine",100,25,0.5,100033,0.99,1,0.99,0.9,1,1,1,0.0382696997309968,1
"affine",100,25,0.5,100034,0.98,1,0.98,0.8,1,1,1,0.0426418369626538,1
"affine",100,25,0.5,100035,0.98,1,0.98,0.8,1,1,1,0.0428903682649541,1
"affine",100,25,0.5,100036,0.97,1,0.97,0.7,1,1,1,0.0382612584225058,1
"affine",100,25,0.5,100037,0.98,1,0.98,0.8,1,1,1,0.0340406457569866,1
"affine",100,25,0.5,100038,0.98,1,0.98,0.8,1,1,1,0.0494265155193929,1
"affine",100,25,0.5,100039,0.98,1,0.98,0.8,1,1,1,0.0281409453856477,1
"affine",100,25,0.5,100040,0.99,0.98989898989899,0.98,0.9,1,0.975609756097561,1,0.0237374184910983,1
"affine",100,25,0.5,100041,0.98,1,0.98,0.8,1,1,1,0.0474188013196816,1
"affine",100,25,0.5,100042,0.98,1,0.98,0.8,1,1,1,0.0315221413680361,1
"affine",100,25,0.5,100043,0.98,1,0.98,0.8,1,1,1,0.0480434082079105,1
"affine",100,25,0.5,100044,0.98,1,0.98,0.8,1,1,1,0.0404302511361864,1
"affine",100,25,0.5,100045,0.98,1,0.98,0.8,1,1,1,0.0407140973500346,1
"affine",100,25,0.5,100046,0.98,0.989795918367347,0.97,0.8,1,1,0.984375,0.0349208163899496,1
"affine",100,25,0.5,100047,0.98,0.979591836734694,0.96,0.8,1,1,0.971830985915493,0.0637994581681597,1
"affine",100,25,0.5,100048,0.99,1,0.99,0.9,1,1,1,0.0362101949277441,1
"affine",100,25,0.5,100049,0.98,0.887755102040816,0.87,0.8,1,0.96,0.863013698630137,0.0338341318291289,1
"affine",100,25,0.5,100050,0.98,0.959183673469388,0.94,0.8,1,1,0.942857142857143,0.0471945352384778,1
"affine",100,25,0.5,100051,0.99,0.98989898989899,0.98,0.9,1,0.962962962962963,1,0.037711402414298,1
"affine",100,25,0.5,100052,0.99,1,0.99,0.9,1,1,1,0.0319059439553943,1
"affine",100,25,0.5,100053,0.98,1,0.98,0.8,1,1,1,0.0370704346079238,1
"affine",100,25,0.5,100054,0.98,1,0.98,0.8,1,1,1,0.0567910217236789,1
"affine",100,25,0.5,100055,0.98,1,0.98,0.8,1,1,1,0.0345176123721488,1
"affine",100,25,0.5,100056,0.98,1,0.98,0.8,1,1,1,0.0479843152689997,1
"affine",100,25,0.5,100057,0.98,1,0.98,0.8,1,1,1,0.0519770977935251,1
"affine",100,25,0.5,100058,0.98,1,0.98,0.8,1,1,1,0.0257080043816864,1
"affine",100,25,0.5,100059,0.98,1,0.98,0.8,1,1,1,0.0302414674134522,1
"affine",100,25,0.5,100060,0.99,1,0.99,0.9,1,1,1,0.0319412102996171,1
"affine",100,25,0.5,100061,0.98,0.979591836734694,0.96,0.8,1,1,0.972972972972973,0.0381389137605823,1
"affine",100,25,0.5,100062,0.98,1,0.98,0.8,1,1,1,0.024244582093744,1
"affine",100,25,0.5,100063,0.98,1,0.98,0.8,1,1,1,0.0328710926441654,1
"affine",100,25,0.5,100064,0.98,0.989795918367347,0.97,0.8,1,1,0.987012987012987,0.0497825677735139,1
"affine",100,25,0.5,100065,0.98,1,0.98,0.8,1,1,1,0.0556273309815849,1
"affine",100,25,0.5,100066,0.98,0.969387755102041,0.95,0.8,1,1,0.957142857142857,0.0416659081619848,1
"affine",100,25,0.5,100067,0.98,0.989795918367347,0.97,0.8,1,0.961538461538462,1,0.0466669120156543,1
"affine",100,25,0.5,100068,0.98,1,0.98,0.8,1,1,1,0.0402604952904358,1
"affine",100,25,0.5,100069,0.98,0.989795918367347,0.97,0.8,1,1,0.985714285714286,0.0401738257678897,1
"affine",100,25,0.5,100070,0.98,1,0.98,0.8,1,1,1,0.0397581729223291,1
"affine",100,25,0.5,100071,0.98,1,0.98,0.8,1,1,1,0.0375778581335603,1
"affine",100,25,0.5,100072,0.98,1,0.98,0.8,1,1,1,0.0393562582105329,1
"affine",100,25,0.5,100073,0.98,1,0.98,0.8,1,1,1,0.0429361288319834,1
"affine",100,25,0.5,100074,0.98,1,0.98,0.8,1,1,1,0.0386471127702033,1
"affine",100,25,0.5,100075,0.98,1,0.98,0.8,1,1,1,0.0360191822747814,1
"affine",100,25,0.5,100076,0.98,1,0.98,0.8,1,1,1,0.0380962041058314,1
"affine",100,25,0.5,100077,0.97,1,0.97,0.7,1,1,1,0.0357698389751872,1
"affine",100,25,0.5,100078,0.99,0.98989898989899,0.98,0.9,1,1,0.985294117647059,0.0406967996762563,1
"affine",100,25,0.5,100079,0.98,1,0.98,0.8,1,1,1,0.0389264527547385,1
"affine",100,25,0.5,100080,0.98,1,0.98,0.8,1,1,1,0.0297994348024785,1
"affine",100,25,0.5,100081,0.98,1,0.98,0.8,1,1,1,0.0390242972269599,1
"affine",100,25,0.5,100082,0.98,1,0.98,0.8,1,1,1,0.0574855585720564,1
"affine",100,25,0.5,100083,0.98,1,0.98,0.8,1,1,1,0.0368904439393966,1
"affine",100,25,0.5,100084,0.98,1,0.98,0.8,1,1,1,0.0486447577550485,1
"affine",100,25,0.5,100085,0.98,1,0.98,0.8,1,1,1,0.0429770501628013,1
"affine",100,25,0.5,100086,0.98,1,0.98,0.8,1,1,1,0.0355972150243536,1
"affine",100,25,0.5,100087,0.98,1,0.98,0.8,1,1,1,0.0628666549734056,1
"affine",100,25,0.5,100088,0.98,1,0.98,0.8,1,1,1,0.0321247427988302,1
"affine",100,25,0.5,100089,0.98,1,0.98,0.8,1,1,1,0.0448812123422364,1
"affine",100,25,0.5,100090,0.98,1,0.98,0.8,1,1,1,0.0393255043650972,1
"affine",100,25,0.5,100091,0.98,0.989795918367347,0.97,0.8,1,1,0.986486486486487,0.0367355452569493,1
"affine",100,25,0.5,100092,0.98,0.897959183673469,0.88,0.8,1,1,0.871794871794872,0.0467378164602451,1
"affine",100,25,0.5,100093,0.98,1,0.98,0.8,1,1,1,0.051650034424544,1
"affine",100,25,0.5,100094,0.98,1,0.98,0.8,1,1,1,0.0365858057742928,1
"affine",100,25,0.5,100095,0.99,1,0.99,0.9,1,1,1,0.0381082238011013,1
"affine",100,25,0.5,100096,0.98,1,0.98,0.8,1,1,1,0.0372909672502905,1
"affine",100,25,0.5,100097,0.98,0.989795918367347,0.97,0.8,1,1,0.984615384615385,0.0337407786105001,1
"affine",100,25,0.5,100098,0.98,1,0.98,0.8,1,1,1,0.0471275412264285,1
"affine",100,25,0.5,100099,0.98,1,0.98,0.8,1,1,1,0.0510679152497914,1
"affine",100,25,0.5,100100,0.98,1,0.98,0.8,1,1,1,0.033443667526075,1
"affine",100,25,0.5,100101,0.98,1,0.98,0.8,1,1,1,0.0521157233058888,1
"affine",100,25,0.5,100102,0.98,0.928571428571429,0.91,0.8,1,1,0.895522388059702,0.0341895561574413,1
"affine",100,25,0.5,100103,0.98,1,0.98,0.8,1,1,1,0.0582950952419522,1
"affine",100,25,0.5,100104,0.98,0.989795918367347,0.97,0.8,1,1,0.985294117647059,0.0464143259873003,1
"affine",100,25,0.5,100105,0.97,0.907216494845361,0.88,0.7,1,0.90625,0.907692307692308,0.0366777677635696,1
"affine",100,25,0.5,100106,0.98,1,0.98,0.8,1,1,1,0.0263304260678194,1
"affine",100,25,0.5,100107,0.98,1,0.98,0.8,1,1,1,0.0619539393593215,1
"affine",100,25,0.5,100108,0.98,1,0.98,0.8,1,1,1,0.0279079571490554,1
"affine",100,25,0.5,100109,0.99,0.96969696969697,0.96,0.9,1,1,0.956521739130435,0.05586236334146,0.5
"affine",100,25,0.5,100110,0.98,1,0.98,0.8,1,1,1,0.0247082899155245,1
"affine",100,25,0.5,100111,0.97,0.969072164948454,0.94,0.7,1,1,0.952380952380952,0.0254793422120206,1
"affine",100,25,0.5,100112,0.98,1,0.98,0.8,1,1,1,0.0503584646045849,1
"affine",100,25,0.5,100113,0.98,1,0.98,0.8,1,1,1,0.0470655138627233,1
"affine",100,25,0.5,100114,0.99,1,0.99,0.9,1,1,1,0.0308386086072665,1
"affine",100,25,0.5,100115,0.98,1,0.98,0.8,1,1,1,0.0400182356069242,1
"affine",100,25,0.5,100116,0.98,1,0.98,0.8,1,1,1,0.0393394035389091,1
"affine",100,25,0.5,100117,0.98,1,0.98,0.8,1,1,1,0.0446145721281653,1
"affine",100,25,0.5,100118,0.98,1,0.98,0.8,1,1,1,0.0416060661136369,1
"affine",100,25,0.5,100119,0.98,0.989795918367347,0.97,0.8,1,1,0.986111111111111,0.0294499853437971,1
"affine",100,25,0.5,100120,0.98,1,0.98,0.8,1,1,1,0.0346754544746503,1
"affine",100,25,0.5,100121,0.98,1,0.98,0.8,1,1,1,0.0347147386365341,1
"affine",100,25,0.5,100122,0.98,1,0.98,0.8,1,1,1,0.0217669371283098,1
"affine",100,25,0.5,100123,0.98,1,0.98,0.8,1,1,1,0.03389983596708,1
"affine",100,25,0.5,100124,0.97,0.979381443298969,0.95,0.7,1,1,0.974683544303797,0.0414274102279455,1
"affine",100,25,0.5,100125,0.98,1,0.98,0.8,1,1,1,0.0430031828319183,1
"affine",100,25,0.5,100126,0.98,1,0.98,0.8,1,1,1,0.0319075668449932,1
"affine",100,25,0.5,100127,0.98,0.989795918367347,0.97,0.8,1,1,0.985074626865672,0.0411184381770694,1
"affine",100,25,0.5,100128,0.98,0.979591836734694,0.96,0.8,1,1,0.973684210526316,0.0456931174590325,1
"affine",100,25,0.5,100129,0.98,1,0.98,0.8,1,1,1,0.0497375918766433,1
"affine",100,25,0.5,100130,0.98,0.969387755102041,0.95,0.8,1,1,0.952380952380952,0.0435463053702448,1
"affine",100,25,0.5,100131,0.98,1,0.98,0.8,1,1,1,0.0268035127930888,1
"affine",100,25,0.5,100132,0.98,1,0.98,0.8,1,1,1,0.0485445208301812,1
"affine",100,25,0.5,100133,0.98,1,0.98,0.8,1,1,1,0.0374089655859401,1
"affine",100,25,0.5,100134,0.98,1,0.98,0.8,1,1,1,0.0374757777514413,1
"affine",100,25,0.5,100135,0.98,1,0.98,0.8,1,1,1,0.0274986331240081,1
"affine",100,25,0.5,100136,0.98,1,0.98,0.8,1,1,1,0.0477478368269006,1
"affine",100,25,0.5,100137,0.98,1,0.98,0.8,1,1,1,0.0365623496484763,1
"affine",100,25,0.5,100138,0.99,1,0.99,0.9,1,1,1,0.0434037168531795,1
"affine",100,25,0.5,100139,0.98,1,0.98,0.8,1,1,1,0.0452871650180346,1
"affine",100,25,0.5,100140,0.98,1,0.98,0.8,1,1,1,0.0443004715800715,1
"affine",100,25,0.5,100141,0.98,1,0.98,0.8,1,1,1,0.0350374937991955,1
"affine",100,25,0.5,100142,0.98,1,0.98,0.8,1,1,1,0.0379365670267737,1
"affine",100,25,0.5,100143,0.98,0.826530612244898,0.81,0.8,1,0.966666666666667,0.764705882352941,0.0325090542945635,1
"affine",100,25,0.5,100144,0.98,1,0.98,0.8,1,1,1,0.052884834623085,1
"affine",100,25,0.5,100145,0.99,0.98989898989899,0.98,0.9,1,1,0.985507246376812,0.0446209402060479,1
"affine",100,25,0.5,100146,0.98,1,0.98,0.8,1,1,1,0.0591374409138478,1
"affine",100,25,0.5,100147,0.98,1,0.98,0.8,1,1,1,0.0290677010504417,1
"affine",100,25,0.5,100148,0.98,1,0.98,0.8,1,1,1,0.0327855903506716,1
"affine",100,25,0.5,100149,0.97,1,0.97,0.7,1,1,1,0.0365076109481487,1
"affine",100,25,0.5,100150,0.98,1,0.98,0.8,1,1,1,0.0414153675106537,1
"affine",100,25,0.5,100151,0.99,0.98989898989899,0.98,0.9,1,1,0.984375,0.0372349713237395,1
"affine",100,25,0.5,100152,0.99,0.97979797979798,0.97,0.9,1,1,0.974025974025974,0.0743480335487363,1
"affine",100,25,0.5,100153,0.98,0.979591836734694,0.96,0.8,1,0.96969696969697,0.984615384615385,0.0299900040469034,1
"affine",100,25,0.5,100154,0.98,0.989795918367347,0.97,0.8,1,1,0.986111111111111,0.0420996019242064,1
"affine",100,25,0.5,100155,0.98,1,0.98,0.8,1,1,1,0.0550838620540475,1
"affine",100,25,0.5,100156,0.99,1,0.99,0.9,1,1,1,0.0511740554799502,1
"affine",100,25,0.5,100157,0.97,1,0.97,0.7,1,1,1,0.0299277992248338,1
"affine",100,25,0.5,100158,0.98,1,0.98,0.8,1,1,1,0.0511771475629756,1
"affine",100,25,0.5,100159,0.98,0.948979591836735,0.93,0.8,1,1,0.927536231884058,0.0253437740498031,1
"affine",100,25,0.5,100160,0.98,1,0.98,0.8,1,1,1,0.0305419635858468,1
"affine",100,25,0.5,100161,0.98,1,0.98,0.8,1,1,1,0.0305201009790623,1
"affine",100,25,0.5,100162,0.98,1,0.98,0.8,1,1,1,0.0471600193199826,1
"affine",100,25,0.5,100163,0.98,1,0.98,0.8,1,1,1,0.043437920645491,1
"affine",100,25,0.5,100164,0.98,1,0.98,0.8,1,1,1,0.0466516645159926,1
"affine",100,25,0.5,100165,0.99,1,0.99,0.9,1,1,1,0.0352063693034721,1
"affine",100,25,0.5,100166,0.98,1,0.98,0.8,1,1,1,0.0430190493031095,1
"affine",100,25,0.5,100167,0.98,1,0.98,0.8,1,1,1,0.0421157861548803,1
"affine",100,25,0.5,100168,0.98,0.979591836734694,0.96,0.8,1,1,0.975,0.0516929606821586,1
"affine",100,25,0.5,100169,0.98,1,0.98,0.8,1,1,1,0.0539968218973446,1
"affine",100,25,0.5,100170,0.98,0.989795918367347,0.97,0.8,1,1,0.986486486486487,0.0528312859954592,1
"affine",100,25,0.5,100171,0.98,0.989795918367347,0.97,0.8,1,1,0.985714285714286,0.0316660010139514,1
"affine",100,25,0.5,100172,0.98,1,0.98,0.8,1,1,1,0.0317734632855323,1
"affine",100,25,0.5,100173,0.98,1,0.98,0.8,1,1,1,0.0474978989556692,1
"affine",100,25,0.5,100174,0.97,1,0.97,0.7,1,1,1,0.0533513366357782,1
"affine",100,25,0.5,100175,0.98,1,0.98,0.8,1,1,1,0.0518689947583703,1
"affine",100,25,0.5,100176,0.99,0.787878787878788,0.78,0.9,1,0.851851851851852,0.763888888888889,0.0294826097841201,1
"affine",100,25,0.5,100177,0.98,1,0.98,0.8,1,1,1,0.0316348124374486,1
"affine",100,25,0.5,100178,0.98,1,0.98,0.8,1,1,1,0.0305119204888161,1
"affine",100,25,0.5,100179,0.98,1,0.98,0.8,1,1,1,0.0416686446195696,1
"affine",100,25,0.5,100180,0.98,1,0.98,0.8,1,1,1,0.0368946886049171,1
"affine",100,25,0.5,100181,0.98,1,0.98,0.8,1,1,1,0.0364317294220587,1
"affine",100,25,0.5,100182,0.99,0.98989898989899,0.98,0.9,1,1,0.986666666666667,0.0405493512546804,1
"affine",100,25,0.5,100183,0.98,1,0.98,0.8,1,1,1,0.0362085387251143,1
"affine",100,25,0.5,100184,0.98,1,0.98,0.8,1,1,1,0.0473428908796558,1
"affine",100,25,0.5,100185,0.98,1,0.98,0.8,1,1,1,0.0498264667742543,1
"affine",100,25,0.5,100186,0.97,0.917525773195876,0.89,0.7,1,0.923076923076923,0.915492957746479,0.0242285296689315,1
"affine",100,25,0.5,100187,0.98,0.989795918367347,0.97,0.8,1,0.961538461538462,1,0.037247100524891,1
"affine",100,25,0.5,100188,0.98,1,0.98,0.8,1,1,1,0.0461568554979304,1
"affine",100,25,0.5,100189,0.99,0.98989898989899,0.98,0.9,1,1,0.987179487179487,0.0427393542235659,1
"affine",100,25,0.5,100190,0.98,1,0.98,0.8,1,1,1,0.0342588450631241,1
"affine",100,25,0.5,100191,0.98,1,0.98,0.8,1,1,1,0.0413451117300618,1
"affine",100,25,0.5,100192,0.98,1,0.98,0.8,1,1,1,0.0317791495267915,1
"affine",100,25,0.5,100193,0.99,0.98989898989899,0.98,0.9,1,1,0.985074626865672,0.0394496504280361,1
"affine",100,25,0.5,100194,0.98,1,0.98,0.8,1,1,1,0.0437161731135287,1
"affine",100,25,0.5,100195,0.99,0.848484848484849,0.84,0.9,1,0.851851851851852,0.847222222222222,0.0432705132522441,1
"affine",100,25,0.5,100196,0.98,1,0.98,0.8,1,1,1,0.035582387783384,1
"affine",100,25,0.5,100197,0.99,1,0.99,0.9,1,1,1,0.0341376168641027,1
"affine",100,25,0.5,100198,0.98,1,0.98,0.8,1,1,1,0.0317921091767377,1
"affine",100,25,0.5,100199,0.98,1,0.98,0.8,1,1,1,0.0357395314317158,1
"affine",100,25,0.5,100200,0.98,1,0.98,0.8,1,1,1,0.0601052350249134,1
"curved",100,25,0.5,1100001,0.98,1,0.98,0.8,1,1,1,0.045872546008011,1
"curved",100,25,0.5,1100002,0.98,0.948979591836735,0.93,0.8,1,1,0.924242424242424,0.0496503106137866,1
"curved",100,25,0.5,1100003,0.98,1,0.98,0.8,1,1,1,0.0647974126287408,1
"curved",100,25,0.5,1100004,0.98,1,0.98,0.8,1,1,1,0.0631983126326808,1
"curved",100,25,0.5,1100005,0.98,1,0.98,0.8,1,1,1,0.0619369051210154,1
"curved",100,25,0.5,1100006,0.98,1,0.98,0.8,1,1,1,0.0468966414420093,1
"curved",100,25,0.5,1100007,0.99,0.98989898989899,0.98,0.9,1,0.961538461538462,1,0.0789186698582237,1
"curved",100,25,0.5,1100008,0.98,0.989795918367347,0.97,0.8,1,1,0.985507246376812,0.056563657823178,1
"curved",100,25,0.5,1100009,0.98,0.959183673469388,0.94,0.8,1,0.96875,0.954545454545455,0.0602466922086141,1
"curved",100,25,0.5,1100010,0.98,1,0.98,0.8,1,1,1,0.0518574076652256,1
"curved",100,25,0.5,1100011,0.98,1,0.98,0.8,1,1,1,0.0661158508410772,1
"curved",100,25,0.5,1100012,0.98,1,0.98,0.8,1,1,1,0.0483512866202558,1
"curved",100,25,0.5,1100013,0.98,0.806122448979592,0.79,0.8,1,0.84,0.794520547945205,0.0676629046546325,1
"curved",100,25,0.5,1100014,0.98,0.877551020408163,0.86,0.8,1,0.909090909090909,0.861538461538462,0.0591488865233186,1
"curved",100,25,0.5,1100015,0.98,0.612244897959184,0.6,0.8,1,0.833333333333333,0.540540540540541,0.0587998071101325,1
"curved",100,25,0.5,1100016,0.99,1,0.99,0.9,1,1,1,0.0578619906094827,1
"curved",100,25,0.5,1100017,0.98,1,0.98,0.8,1,1,1,0.0536889611412815,1
"curved",100,25,0.5,1100018,0.98,1,0.98,0.8,1,1,1,0.0615162622680347,1
"curved",100,25,0.5,1100019,0.98,0.938775510204082,0.92,0.8,1,0.966666666666667,0.926470588235294,0.0568041774295966,1
"curved",100,25,0.5,1100020,0.98,1,0.98,0.8,1,1,1,0.0665362549073449,1
"curved",100,25,0.5,1100021,0.98,1,0.98,0.8,1,1,1,0.0685844819793147,1
"curved",100,25,0.5,1100022,0.98,0.948979591836735,0.93,0.8,1,1,0.933333333333333,0.0653374661777537,1
"curved",100,25,0.5,1100023,0.98,0.928571428571429,0.91,0.8,1,0.911764705882353,0.9375,0.054610350792774,1
"curved",100,25,0.5,1100024,0.98,0.744897959183674,0.73,0.8,1,0.91304347826087,0.693333333333333,0.0643442626873376,1
"curved",100,25,0.5,1100025,0.98,0.959183673469388,0.94,0.8,1,0.967741935483871,0.955223880597015,0.0666474421140721,1
"curved",100,25,0.5,1100026,0.99,0.909090909090909,0.9,0.9,1,0.966666666666667,0.884057971014493,0.0552599067069761,1
"curved",100,25,0.5,1100027,0.98,1,0.98,0.8,1,1,1,0.0649298096921608,1
"curved",100,25,0.5,1100028,0.98,1,0.98,0.8,1,1,1,0.061640588813336,1
"curved",100,25,0.5,1100029,0.99,1,0.99,0.9,1,1,1,0.0606993013033035,1
"curved",100,25,0.5,1100030,0.98,1,0.98,0.8,1,1,1,0.0530219158177483,1
"curved",100,25,0.5,1100031,0.98,1,0.98,0.8,1,1,1,0.0572011540417134,1
"curved",100,25,0.5,1100032,0.98,1,0.98,0.8,1,1,1,0.0590138603829267,1
"curved",100,25,0.5,1100033,0.99,1,0.99,0.9,1,1,1,0.0554701218322974,1
"curved",100,25,0.5,1100034,0.98,1,0.98,0.8,1,1,1,0.0597609135701979,1
"curved",100,25,0.5,1100035,0.98,0.663265306122449,0.65,0.8,1,0.805555555555556,0.580645161290323,0.0434604183434009,1
"curved",100,25,0.5,1100036,0.98,1,0.98,0.8,1,1,1,0.0579830330307223,1
"curved",100,25,0.5,1100037,0.98,0.908163265306122,0.89,0.8,1,0.964285714285714,0.885714285714286,0.0621263103597098,1
"curved",100,25,0.5,1100038,0.99,0.98989898989899,0.98,0.9,1,1,0.985294117647059,0.0654213144680725,1
"curved",100,25,0.5,1100039,0.98,0.908163265306122,0.89,0.8,1,0.96551724137931,0.884057971014493,0.0526067268746915,1
"curved",100,25,0.5,1100040,0.97,0.969072164948454,0.94,0.7,1,1,0.954545454545455,0.071030041488836,1
"curved",100,25,0.5,1100041,0.98,1,0.98,0.8,1,1,1,0.072140076143248,1
"curved",100,25,0.5,1100042,0.99,1,0.99,0.9,1,1,1,0.0684595327951275,1
"curved",100,25,0.5,1100043,0.98,0.785714285714286,0.77,0.8,1,0.815789473684211,0.766666666666667,0.0464377122220702,1
"curved",100,25,0.5,1100044,0.98,1,0.98,0.8,1,1,1,0.0588142774130655,1
"curved",100,25,0.5,1100045,0.98,0.989795918367347,0.97,0.8,1,1,0.984375,0.0694165428095058,1
"curved",100,25,0.5,1100046,0.98,1,0.98,0.8,1,1,1,0.0601790538766822,1
"curved",100,25,0.5,1100047,0.98,1,0.98,0.8,1,1,1,0.0502497124076989,1
"curved",100,25,0.5,1100048,0.99,0.98989898989899,0.98,0.9,1,1,0.985714285714286,0.0584991037700558,1
"curved",100,25,0.5,1100049,0.98,0.704081632653061,0.69,0.8,1,0.775,0.655172413793103,0.0396906524474365,0
"curved",100,25,0.5,1100050,0.98,0.908163265306122,0.89,0.8,1,0.866666666666667,0.926470588235294,0.056927395832397,1
"curved",100,25,0.5,1100051,0.98,1,0.98,0.8,1,1,1,0.0580381019796192,1
"curved",100,25,0.5,1100052,0.98,0.877551020408163,0.86,0.8,1,0.961538461538462,0.847222222222222,0.0511664979346746,0.5
"curved",100,25,0.5,1100053,0.99,1,0.99,0.9,1,1,1,0.0725535519691396,1
"curved",100,25,0.5,1100054,0.98,0.918367346938776,0.9,0.8,1,0.966666666666667,0.897058823529412,0.0505943074474338,1
"curved",100,25,0.5,1100055,0.98,1,0.98,0.8,1,1,1,0.057189584971794,1
"curved",100,25,0.5,1100056,0.98,1,0.98,0.8,1,1,1,0.0627077498123269,1
"curved",100,25,0.5,1100057,0.98,1,0.98,0.8,1,1,1,0.0511745350927492,1
"curved",100,25,0.5,1100058,0.98,1,0.98,0.8,1,1,1,0.0492945588722769,1
"curved",100,25,0.5,1100059,0.98,1,0.98,0.8,1,1,1,0.0614571318351493,1
"curved",100,25,0.5,1100060,0.98,1,0.98,0.8,1,1,1,0.0511475895931995,1
"curved",100,25,0.5,1100061,0.98,1,0.98,0.8,1,1,1,0.0529227964503934,1
"curved",100,25,0.5,1100062,0.98,0.948979591836735,0.93,0.8,1,0.976190476190476,0.928571428571429,0.0401042040507962,1
"curved",100,25,0.5,1100063,0.98,1,0.98,0.8,1,1,1,0.0493348226516784,1
"curved",100,25,0.5,1100064,0.98,0.908163265306122,0.89,0.8,1,0.903225806451613,0.91044776119403,0.0490615435411556,1
"curved",100,25,0.5,1100065,0.98,1,0.98,0.8,1,1,1,0.0602728434766709,1
"curved",100,25,0.5,1100066,0.98,0.928571428571429,0.91,0.8,1,0.923076923076923,0.930555555555556,0.0622037692775676,1
"curved",100,25,0.5,1100067,0.98,1,0.98,0.8,1,1,1,0.0640320240931745,1
"curved",100,25,0.5,1100068,0.98,1,0.98,0.8,1,1,1,0.0500240051988377,1
"curved",100,25,0.5,1100069,0.98,1,0.98,0.8,1,1,1,0.0537917492268677,1
"curved",100,25,0.5,1100070,0.98,1,0.98,0.8,1,1,1,0.0670115199665717,1
"curved",100,25,0.5,1100071,0.98,1,0.98,0.8,1,1,1,0.0509850039170688,1
"curved",100,25,0.5,1100072,0.98,0.938775510204082,0.92,0.8,1,1,0.91304347826087,0.0646180732489069,1
"curved",100,25,0.5,1100073,0.98,0.959183673469388,0.94,0.8,1,0.96969696969697,0.953846153846154,0.0542586185507579,1
"curved",100,25,0.5,1100074,0.98,1,0.98,0.8,1,1,1,0.0543086622614728,1
"curved",100,25,0.5,1100075,0.98,0.877551020408163,0.86,0.8,1,0.970588235294118,0.828125,0.0475154805151577,1
"curved",100,25,0.5,1100076,0.98,0.989795918367347,0.97,0.8,1,0.96969696969697,1,0.0520716783995723,1
"curved",100,25,0.5,1100077,0.98,1,0.98,0.8,1,1,1,0.0670482994512094,1
"curved",100,25,0.5,1100078,0.98,1,0.98,0.8,1,1,1,0.0607173020762309,1
"curved",100,25,0.5,1100079,0.98,1,0.98,0.8,1,1,1,0.0460323339830483,1
"curved",100,25,0.5,1100080,0.98,0.887755102040816,0.87,0.8,1,0.911764705882353,0.875,0.0610467588452918,1
"curved",100,25,0.5,1100081,0.98,1,0.98,0.8,1,1,1,0.0730215681466537,1
"curved",100,25,0.5,1100082,0.98,1,0.98,0.8,1,1,1,0.0552811059881751,1
"curved",100,25,0.5,1100083,0.98,1,0.98,0.8,1,1,1,0.0622921063399881,1
"curved",100,25,0.5,1100084,0.98,1,0.98,0.8,1,1,1,0.0611053136033953,1
"curved",100,25,0.5,1100085,0.98,0.959183673469388,0.94,0.8,1,1,0.931034482758621,0.0401672001468248,1
"curved",100,25,0.5,1100086,0.97,1,0.97,0.7,1,1,1,0.0524862286053523,1
"curved",100,25,0.5,1100087,0.98,0.948979591836735,0.93,0.8,1,1,0.929577464788732,0.0584205709949548,1
"curved",100,25,0.5,1100088,0.98,1,0.98,0.8,1,1,1,0.0644058996328598,1
"curved",100,25,0.5,1100089,0.97,1,0.97,0.7,1,1,1,0.0582723018564559,1
"curved",100,25,0.5,1100090,0.98,1,0.98,0.8,1,1,1,0.0543408867176866,1
"curved",100,25,0.5,1100091,0.97,1,0.97,0.7,1,1,1,0.0811421319738513,1
"curved",100,25,0.5,1100092,0.98,1,0.98,0.8,1,1,1,0.0458699939174604,1
"curved",100,25,0.5,1100093,0.98,0.785714285714286,0.77,0.8,1,0.833333333333333,0.77027027027027,0.0594379616378198,1
"curved",100,25,0.5,1100094,0.98,0.897959183673469,0.88,0.8,1,1,0.857142857142857,0.0641076267321809,1
"curved",100,25,0.5,1100095,0.98,0.989795918367347,0.97,0.8,1,1,0.985714285714286,0.0674584361249569,1
"curved",100,25,0.5,1100096,0.98,1,0.98,0.8,1,1,1,0.0532612694682448,1
"curved",100,25,0.5,1100097,0.98,0.959183673469388,0.94,0.8,1,1,0.945945945945946,0.0533761157586458,1
"curved",100,25,0.5,1100098,0.98,1,0.98,0.8,1,1,1,0.0508249413930353,1
"curved",100,25,0.5,1100099,0.99,1,0.99,0.9,1,1,1,0.0621390294085331,1
"curved",100,25,0.5,1100100,0.98,1,0.98,0.8,1,1,1,0.0678643354649093,1
"curved",100,25,0.5,1100101,0.97,0.742268041237113,0.72,0.7,1,0.782608695652174,0.72972972972973,0.0664299309142753,1
"curved",100,25,0.5,1100102,0.98,0.989795918367347,0.97,0.8,1,1,0.986111111111111,0.0653937200676358,1
"curved",100,25,0.5,1100103,0.99,0.96969696969697,0.96,0.9,1,0.96969696969697,0.96969696969697,0.0516691220527326,1
"curved",100,25,0.5,1100104,0.98,0.918367346938776,0.9,0.8,1,0.96969696969697,0.892307692307692,0.0530307780390423,1
"curved",100,25,0.5,1100105,0.98,0.908163265306122,0.89,0.8,1,0.931034482758621,0.898550724637681,0.0565085968019272,1
"curved",100,25,0.5,1100106,0.98,1,0.98,0.8,1,1,1,0.0646880107820317,1
"curved",100,25,0.5,1100107,0.98,0.795918367346939,0.78,0.8,1,0.833333333333333,0.783783783783784,0.0607730208455876,1
"curved",100,25,0.5,1100108,0.98,0.897959183673469,0.88,0.8,1,0.9,0.896551724137931,0.0497703777828028,1
"curved",100,25,0.5,1100109,0.98,0.969387755102041,0.95,0.8,1,1,0.96,0.062518867128873,1
"curved",100,25,0.5,1100110,0.98,0.979591836734694,0.96,0.8,1,0.947368421052632,1,0.043137466619653,1
"curved",100,25,0.5,1100111,0.99,1,0.99,0.9,1,1,1,0.0629057341433604,1
"curved",100,25,0.5,1100112,0.99,1,0.99,0.9,1,1,1,0.0554111990354452,1
"curved",100,25,0.5,1100113,0.98,1,0.98,0.8,1,1,1,0.046285259532463,1
"curved",100,25,0.5,1100114,0.98,1,0.98,0.8,1,1,1,0.0485946585809323,1
"curved",100,25,0.5,1100115,0.98,1,0.98,0.8,1,1,1,0.0756090829096083,1
"curved",100,25,0.5,1100116,0.98,0.989795918367347,0.97,0.8,1,1,0.985507246376812,0.0600241530948851,1
"curved",100,25,0.5,1100117,0.98,1,0.98,0.8,1,1,1,0.0407430484851505,1
"curved",100,25,0.5,1100118,0.99,1,0.99,0.9,1,1,1,0.0656358741358565,1
"curved",100,25,0.5,1100119,0.98,1,0.98,0.8,1,1,1,0.0601887822030808,1
"curved",100,25,0.5,1100120,0.98,0.979591836734694,0.96,0.8,1,1,0.974025974025974,0.0621582672372819,1
"curved",100,25,0.5,1100121,0.98,0.948979591836735,0.93,0.8,1,1,0.925373134328358,0.0494701122760258,1
"curved",100,25,0.5,1100122,0.98,1,0.98,0.8,1,1,1,0.0543794220457073,1
"curved",100,25,0.5,1100123,0.98,0.979591836734694,0.96,0.8,1,1,0.96969696969697,0.0539681068360103,1
"curved",100,25,0.5,1100124,0.98,1,0.98,0.8,1,1,1,0.0568062920058044,1
"curved",100,25,0.5,1100125,0.98,0.979591836734694,0.96,0.8,1,1,0.967741935483871,0.046550775837453,1
"curved",100,25,0.5,1100126,0.98,0.928571428571429,0.91,0.8,1,1,0.911392405063291,0.064499323171024,1
"curved",100,25,0.5,1100127,0.98,0.959183673469388,0.94,0.8,1,1,0.938461538461538,0.0475131498780821,1
"curved",100,25,0.5,1100128,0.98,0.887755102040816,0.87,0.8,1,0.90625,0.878787878787879,0.0587842350192033,1
"curved",100,25,0.5,1100129,0.98,0.979591836734694,0.96,0.8,1,1,0.967213114754098,0.0591531383784333,1
"curved",100,25,0.5,1100130,0.98,1,0.98,0.8,1,1,1,0.0496497802185368,1
"curved",100,25,0.5,1100131,0.98,1,0.98,0.8,1,1,1,0.0623013150410541,1
"curved",100,25,0.5,1100132,0.98,0.989795918367347,0.97,0.8,1,1,0.985294117647059,0.0469230060752838,1
"curved",100,25,0.5,1100133,0.98,0.979591836734694,0.96,0.8,1,0.970588235294118,0.984375,0.0502132548775565,1
"curved",100,25,0.5,1100134,0.98,0.846938775510204,0.83,0.8,1,0.925925925925926,0.816901408450704,0.0523170889800326,0
"curved",100,25,0.5,1100135,0.98,1,0.98,0.8,1,1,1,0.0751489967934771,1
"curved",100,25,0.5,1100136,0.98,1,0.98,0.8,1,1,1,0.0703185749675199,1
"curved",100,25,0.5,1100137,0.98,1,0.98,0.8,1,1,1,0.0551179350008072,1
"curved",100,25,0.5,1100138,0.98,1,0.98,0.8,1,1,1,0.0611211454618835,1
"curved",100,25,0.5,1100139,0.98,0.724489795918367,0.71,0.8,1,0.769230769230769,0.708333333333333,0.0587534854263639,1
"curved",100,25,0.5,1100140,0.98,1,0.98,0.8,1,1,1,0.0586728569635135,1
"curved",100,25,0.5,1100141,0.98,1,0.98,0.8,1,1,1,0.0779031559485635,1
"curved",100,25,0.5,1100142,0.98,0.724489795918367,0.71,0.8,1,0.91304347826087,0.666666666666667,0.0679063943041889,1
"curved",100,25,0.5,1100143,0.97,0.907216494845361,0.88,0.7,1,1,0.884615384615385,0.0597956910272658,1
"curved",100,25,0.5,1100144,0.99,1,0.99,0.9,1,1,1,0.0479656093235222,1
"curved",100,25,0.5,1100145,0.98,1,0.98,0.8,1,1,1,0.0691538803555538,1
"curved",100,25,0.5,1100146,0.99,0.919191919191919,0.91,0.9,1,0.933333333333333,0.91304347826087,0.0567718205717656,1
"curved",100,25,0.5,1100147,0.97,1,0.97,0.7,1,1,1,0.0770942798685815,1
"curved",100,25,0.5,1100148,0.99,0.98989898989899,0.98,0.9,1,1,0.984848484848485,0.0592247573163434,1
"curved",100,25,0.5,1100149,0.98,1,0.98,0.8,1,1,1,0.0552709810976232,1
"curved",100,25,0.5,1100150,0.98,1,0.98,0.8,1,1,1,0.062837157833467,1
"curved",100,25,0.5,1100151,0.98,0.785714285714286,0.77,0.8,1,0.857142857142857,0.766233766233766,0.0564402104224381,0.5
"curved",100,25,0.5,1100152,0.98,1,0.98,0.8,1,1,1,0.0571847510955741,1
"curved",100,25,0.5,1100153,0.98,1,0.98,0.8,1,1,1,0.0608270817519527,1
"curved",100,25,0.5,1100154,0.98,1,0.98,0.8,1,1,1,0.0512088641589254,1
"curved",100,25,0.5,1100155,0.98,1,0.98,0.8,1,1,1,0.0542919198407288,1
"curved",100,25,0.5,1100156,0.97,1,0.97,0.7,1,1,1,0.0600240860063894,1
"curved",100,25,0.5,1100157,0.98,1,0.98,0.8,1,1,1,0.0568905831808489,1
"curved",100,25,0.5,1100158,0.98,1,0.98,0.8,1,1,1,0.0535846785183289,1
"curved",100,25,0.5,1100159,0.98,1,0.98,0.8,1,1,1,0.0487308851722455,1
"curved",100,25,0.5,1100160,0.98,1,0.98,0.8,1,1,1,0.066048058321026,1
"curved",100,25,0.5,1100161,0.98,0.969387755102041,0.95,0.8,1,1,0.958333333333333,0.0642192079396114,1
"curved",100,25,0.5,1100162,0.97,0.835051546391753,0.81,0.7,1,0.933333333333333,0.791044776119403,0.0525751198273604,1
"curved",100,25,0.5,1100163,0.98,1,0.98,0.8,1,1,1,0.0439895921596231,1
"curved",100,25,0.5,1100164,0.98,1,0.98,0.8,1,1,1,0.05546665545108,1
"curved",100,25,0.5,1100165,0.98,1,0.98,0.8,1,1,1,0.0568031280309402,1
"curved",100,25,0.5,1100166,0.97,1,0.97,0.7,1,1,1,0.055766977941786,1
"curved",100,25,0.5,1100167,0.97,1,0.97,0.7,1,1,1,0.0659619834641331,1
"curved",100,25,0.5,1100168,0.98,0.989795918367347,0.97,0.8,1,1,0.985074626865672,0.0701632104574406,1
"curved",100,25,0.5,1100169,0.98,0.959183673469388,0.94,0.8,1,0.90625,0.984848484848485,0.0523537263653456,1
"curved",100,25,0.5,1100170,0.98,1,0.98,0.8,1,1,1,0.0648565515407628,1
"curved",100,25,0.5,1100171,0.98,0.948979591836735,0.93,0.8,1,1,0.932432432432432,0.0584284240308136,1
"curved",100,25,0.5,1100172,0.98,0.959183673469388,0.94,0.8,1,0.964285714285714,0.957142857142857,0.0622691262458023,1
"curved",100,25,0.5,1100173,0.98,1,0.98,0.8,1,1,1,0.0674055830817583,1
"curved",100,25,0.5,1100174,0.98,1,0.98,0.8,1,1,1,0.0584535095495451,1
"curved",100,25,0.5,1100175,0.98,0.969387755102041,0.95,0.8,1,1,0.951612903225806,0.0559325274999493,1
"curved",100,25,0.5,1100176,0.98,0.86734693877551,0.85,0.8,1,0.964285714285714,0.828571428571429,0.0635690562764991,1
"curved",100,25,0.5,1100177,0.98,0.785714285714286,0.77,0.8,1,0.88,0.753424657534247,0.0581544525979043,1
"curved",100,25,0.5,1100178,0.98,1,0.98,0.8,1,1,1,0.0455905080435457,1
"curved",100,25,0.5,1100179,0.98,1,0.98,0.8,1,1,1,0.069785091454257,1
"curved",100,25,0.5,1100180,0.98,1,0.98,0.8,1,1,1,0.0621919134159323,1
"curved",100,25,0.5,1100181,0.98,0.877551020408163,0.86,0.8,1,0.931034482758621,0.855072463768116,0.0612014175628365,1
"curved",100,25,0.5,1100182,0.98,0.928571428571429,0.91,0.8,1,0.942857142857143,0.920634920634921,0.0543508670619753,1
"curved",100,25,0.5,1100183,0.98,1,0.98,0.8,1,1,1,0.0611741954029653,1
"curved",100,25,0.5,1100184,0.98,0.979591836734694,0.96,0.8,1,1,0.971830985915493,0.0545505940105298,1
"curved",100,25,0.5,1100185,0.98,0.826530612244898,0.81,0.8,1,0.866666666666667,0.808823529411765,0.0608835419963555,1
"curved",100,25,0.5,1100186,0.98,0.887755102040816,0.87,0.8,1,0.866666666666667,0.897058823529412,0.059546400840912,1
"curved",100,25,0.5,1100187,0.99,0.98989898989899,0.98,0.9,1,1,0.986301369863014,0.0603746247705691,1
"curved",100,25,0.5,1100188,0.98,0.86734693877551,0.85,0.8,1,1,0.831168831168831,0.0722678691320765,1
"curved",100,25,0.5,1100189,0.98,0.928571428571429,0.91,0.8,1,0.911764705882353,0.9375,0.0518948106450642,1
"curved",100,25,0.5,1100190,0.98,1,0.98,0.8,1,1,1,0.059916375516005,1
"curved",100,25,0.5,1100191,0.98,0.989795918367347,0.97,0.8,1,0.96551724137931,1,0.0622070745690372,1
"curved",100,25,0.5,1100192,0.99,0.939393939393939,0.93,0.9,1,0.888888888888889,0.958333333333333,0.0521532946510788,1
"curved",100,25,0.5,1100193,0.98,0.857142857142857,0.84,0.8,1,0.862068965517241,0.855072463768116,0.0535628285533633,1
"curved",100,25,0.5,1100194,0.98,1,0.98,0.8,1,1,1,0.0706498933981919,1
"curved",100,25,0.5,1100195,0.99,1,0.99,0.9,1,1,1,0.0619248799585534,1
"curved",100,25,0.5,1100196,0.98,1,0.98,0.8,1,1,1,0.0732642783238981,1
"curved",100,25,0.5,1100197,0.98,1,0.98,0.8,1,1,1,0.0541580757612932,1
"curved",100,25,0.5,1100198,0.98,1,0.98,0.8,1,1,1,0.0613544881106895,1
"curved",100,25,0.5,1100199,0.99,1,0.99,0.9,1,1,1,0.0453073220735384,1
"curved",100,25,0.5,1100200,0.98,0.989795918367347,0.97,0.8,1,1,0.984848484848485,0.0683227975578257,1
"affine",100,25,1,100001,0.98,0.979591836734694,0.96,0.8,1,1,0.967213114754098,0.015971998705594,1
"affine",100,25,1,100002,0.98,1,0.98,0.8,1,1,1,0.0185981850077476,1
"affine",100,25,1,100003,0.98,1,0.98,0.8,1,1,1,0.0151141280923776,1
"affine",100,25,1,100004,0.98,0.948979591836735,0.93,0.8,1,1,0.924242424242424,0.0162639769133992,0
"affine",100,25,1,100005,0.98,0.806122448979592,0.79,0.8,1,0.884615384615385,0.777777777777778,0.0207535601895898,1
"affine",100,25,1,100006,0.98,0.724489795918367,0.71,0.8,1,0.714285714285714,0.728571428571429,0.0124848679373654,1
"affine",100,25,1,100007,0.98,1,0.98,0.8,1,1,1,0.0169467414665065,1
"affine",100,25,1,100008,0.98,0.989795918367347,0.97,0.8,1,1,0.985915492957746,0.0178695099989529,0.5
"affine",100,25,1,100009,0.98,1,0.98,0.8,1,1,1,0.0109236390419012,0.5
"affine",100,25,1,100010,0.98,0.897959183673469,0.88,0.8,1,0.9375,0.878787878787879,0.0177759856568547,0
"affine",100,25,1,100011,0.98,1,0.98,0.8,1,1,1,0.0266768441137424,1
"affine",100,25,1,100012,0.98,0.948979591836735,0.93,0.8,1,0.958333333333333,0.945945945945946,0.0220100431329056,0.5
"affine",100,25,1,100013,0.98,1,0.98,0.8,1,1,1,0.0159732490933168,1
"affine",100,25,1,100014,0.98,0.948979591836735,0.93,0.8,1,1,0.935064935064935,0.0234684063289428,1
"affine",100,25,1,100015,0.98,0.887755102040816,0.87,0.8,1,0.944444444444444,0.854838709677419,0.0164144044348384,0.5
"affine",100,25,1,100016,0.98,0.683673469387755,0.67,0.8,1,0.607142857142857,0.714285714285714,0.0202532135426117,1
"affine",100,25,1,100017,0.98,0.979591836734694,0.96,0.8,1,1,0.971428571428571,0.0205453760591572,1
"affine",100,25,1,100018,0.98,1,0.98,0.8,1,1,1,0.0216528304233283,1
"affine",100,25,1,100019,0.98,1,0.98,0.8,1,1,1,0.0246575110177658,1
"affine",100,25,1,100020,0.99,0.98989898989899,0.98,0.9,1,1,0.986111111111111,0.0253711468470766,1
"affine",100,25,1,100021,0.98,0.785714285714286,0.77,0.8,1,0.862068965517241,0.753623188405797,0.0212995114374801,1
"affine",100,25,1,100022,0.98,0.969387755102041,0.95,0.8,1,0.96875,0.96969696969697,0.0195473120437838,1
"affine",100,25,1,100023,0.98,0.959183673469388,0.94,0.8,1,0.933333333333333,0.970588235294118,0.0152519993508903,1
"affine",100,25,1,100024,0.97,0.979381443298969,0.95,0.7,1,0.966666666666667,0.985074626865672,0.0121186925301098,0.5
"affine",100,25,1,100025,0.98,0.897959183673469,0.88,0.8,1,0.966666666666667,0.867647058823529,0.0180841340425626,0.5
"affine",100,25,1,100026,0.98,1,0.98,0.8,1,1,1,0.0210241565156781,1
"affine",100,25,1,100027,0.98,1,0.98,0.8,1,1,1,0.0258565380447626,1
"affine",100,25,1,100028,0.98,0.979591836734694,0.96,0.8,1,0.971428571428571,0.984126984126984,0.0170923605800872,0.5
"affine",100,25,1,100029,0.98,0.683673469387755,0.67,0.8,1,0.766666666666667,0.647058823529412,0.0236885881328112,0.5
"affine",100,25,1,100030,0.99,0.98989898989899,0.98,0.9,1,1,0.985507246376812,0.020359798788013,1
"affine",100,25,1,100031,0.98,1,0.98,0.8,1,1,1,0.0222998406978778,1
"affine",100,25,1,100032,0.98,0.989795918367347,0.97,0.8,1,1,0.986301369863014,0.027819011949922,1
"affine",100,25,1,100033,0.99,1,0.99,0.9,1,1,1,0.0191348498654984,1
"affine",100,25,1,100034,0.98,0.969387755102041,0.95,0.8,1,0.967741935483871,0.970149253731343,0.0213209184813269,1
"affine",100,25,1,100035,0.98,0.989795918367347,0.97,0.8,1,1,0.985714285714286,0.021445184132477,1
"affine",100,25,1,100036,0.97,0.783505154639175,0.76,0.7,1,0.794117647058823,0.777777777777778,0.0191306292112529,1
"affine",100,25,1,100037,0.98,0.989795918367347,0.97,0.8,1,1,0.985074626865672,0.0170203228784933,1
"affine",100,25,1,100038,0.98,1,0.98,0.8,1,1,1,0.0247132577596965,1
"affine",100,25,1,100039,0.98,0.806122448979592,0.79,0.8,1,0.833333333333333,0.794117647058823,0.0140704726928238,1
"affine",100,25,1,100040,0.99,0.97979797979798,0.97,0.9,1,0.951219512195122,1,0.0118687092455492,1
"affine",100,25,1,100041,0.98,0.969387755102041,0.95,0.8,1,1,0.957746478873239,0.0237094006598408,1
"affine",100,25,1,100042,0.98,0.989795918367347,0.97,0.8,1,1,0.984126984126984,0.015761070684018,1
"affine",100,25,1,100043,0.98,1,0.98,0.8,1,1,1,0.0240217041039552,1
"affine",100,25,1,100044,0.98,1,0.98,0.8,1,1,1,0.0202151255680932,1
"affine",100,25,1,100045,0.98,1,0.98,0.8,1,1,1,0.0203570486750173,1
"affine",100,25,1,100046,0.98,0.969387755102041,0.95,0.8,1,0.970588235294118,0.96875,0.0174604081949747,1
"affine",100,25,1,100047,0.98,0.969387755102041,0.95,0.8,1,1,0.957746478873239,0.0318997290840798,1
"affine",100,25,1,100048,0.99,0.868686868686869,0.86,0.9,1,0.852941176470588,0.876923076923077,0.0181050974638721,0.5
"affine",100,25,1,100049,0.98,0.775510204081633,0.76,0.8,1,0.84,0.753424657534247,0.0169170659145644,0
"affine",100,25,1,100050,0.98,0.908163265306122,0.89,0.8,1,1,0.871428571428571,0.0235972676192389,0.5
"affine",100,25,1,100051,0.99,0.97979797979798,0.97,0.9,1,0.962962962962963,0.986111111111111,0.0188557012071491,1
"affine",100,25,1,100052,0.99,0.97979797979798,0.97,0.9,1,1,0.970588235294118,0.0159529719776971,1
"affine",100,25,1,100053,0.98,1,0.98,0.8,1,1,1,0.0185352173039619,1
"affine",100,25,1,100054,0.98,1,0.98,0.8,1,1,1,0.0283955108618394,1
"affine",100,25,1,100055,0.98,0.989795918367347,0.97,0.8,1,0.96875,1,0.0172588061860744,1
"affine",100,25,1,100056,0.98,0.887755102040816,0.87,0.8,1,0.941176470588235,0.859375,0.0239921576344999,0
"affine",100,25,1,100057,0.98,0.989795918367347,0.97,0.8,1,1,0.986301369863014,0.0259885488967625,1
"affine",100,25,1,100058,0.98,0.704081632653061,0.69,0.8,1,0.633333333333333,0.735294117647059,0.0128540021908432,1
"affine",100,25,1,100059,0.98,0.836734693877551,0.82,0.8,1,0.870967741935484,0.82089552238806,0.0151207337067261,1
"affine",100,25,1,100060,0.99,1,0.99,0.9,1,1,1,0.0159706051498085,1
"affine",100,25,1,100061,0.98,0.73469387755102,0.72,0.8,1,0.791666666666667,0.716216216216216,0.0190694568802911,1
"affine",100,25,1,100062,0.98,0.540816326530612,0.53,0.8,1,0.583333333333333,0.516129032258065,0.012122291046872,1
"affine",100,25,1,100063,0.98,0.775510204081633,0.76,0.8,1,0.928571428571429,0.714285714285714,0.0164355463220827,0
"affine",100,25,1,100064,0.98,0.969387755102041,0.95,0.8,1,1,0.961038961038961,0.024891283886757,1
"affine",100,25,1,100065,0.98,1,0.98,0.8,1,1,1,0.0278136654907925,1
"affine",100,25,1,100066,0.98,0.969387755102041,0.95,0.8,1,1,0.957142857142857,0.0208329540809924,1
"affine",100,25,1,100067,0.98,0.989795918367347,0.97,0.8,1,0.961538461538462,1,0.0233334560078271,1
"affine",100,25,1,100068,0.98,0.704081632653061,0.69,0.8,1,0.730769230769231,0.694444444444444,0.0201302476452179,1
"affine",100,25,1,100069,0.98,0.969387755102041,0.95,0.8,1,0.964285714285714,0.971428571428571,0.0200869128839448,0.5
"affine",100,25,1,100070,0.98,0.979591836734694,0.96,0.8,1,0.970588235294118,0.984375,0.0198790864611645,1
"affine",100,25,1,100071,0.98,0.969387755102041,0.95,0.8,1,0.972222222222222,0.967741935483871,0.0187889290667801,1
"affine",100,25,1,100072,0.98,1,0.98,0.8,1,1,1,0.0196781291052665,1
"affine",100,25,1,100073,0.98,0.918367346938776,0.9,0.8,1,0.961538461538462,0.902777777777778,0.0214680644159916,1
"affine",100,25,1,100074,0.98,1,0.98,0.8,1,1,1,0.0193235563851016,1
"affine",100,25,1,100075,0.98,0.673469387755102,0.66,0.8,1,0.642857142857143,0.685714285714286,0.0180095911373907,1
"affine",100,25,1,100076,0.98,0.979591836734694,0.96,0.8,1,1,0.970149253731343,0.0190481020529157,0.5
"affine",100,25,1,100077,0.97,1,0.97,0.7,1,1,1,0.0178849194875936,0.5
"affine",100,25,1,100078,0.99,0.909090909090909,0.9,0.9,1,0.967741935483871,0.882352941176471,0.0203483998381281,1
"affine",100,25,1,100079,0.98,1,0.98,0.8,1,1,1,0.0194632263773693,1
"affine",100,25,1,100080,0.98,1,0.98,0.8,1,1,1,0.0148997174012393,1
"affine",100,25,1,100081,0.98,1,0.98,0.8,1,1,1,0.01951214861348,1
"affine",100,25,1,100082,0.98,1,0.98,0.8,1,1,1,0.0287427792860282,1
"affine",100,25,1,100083,0.98,0.979591836734694,0.96,0.8,1,1,0.972972972972973,0.0184452219696983,0.5
"affine",100,25,1,100084,0.98,1,0.98,0.8,1,1,1,0.0243223788775243,1
"affine",100,25,1,100085,0.98,0.642857142857143,0.63,0.8,1,0.761904761904762,0.61038961038961,0.0214885250814006,0.5
"affine",100,25,1,100086,0.98,0.887755102040816,0.87,0.8,1,0.810810810810811,0.934426229508197,0.0177986075121768,0.5
"affine",100,25,1,100087,0.98,1,0.98,0.8,1,1,1,0.0314333274867028,1
"affine",100,25,1,100088,0.98,0.785714285714286,0.77,0.8,1,0.724137931034483,0.811594202898551,0.0160623713994151,1
"affine",100,25,1,100089,0.98,0.979591836734694,0.96,0.8,1,1,0.972602739726027,0.0224406061711181,1
"affine",100,25,1,100090,0.98,0.897959183673469,0.88,0.8,1,0.935483870967742,0.880597014925373,0.0196627521825485,1
"affine",100,25,1,100091,0.98,0.816326530612245,0.8,0.8,1,0.875,0.797297297297297,0.0183677726284747,0
"affine",100,25,1,100092,0.98,0.86734693877551,0.85,0.8,1,1,0.833333333333333,0.0233689082301225,0
"affine",100,25,1,100093,0.98,0.989795918367347,0.97,0.8,1,0.956521739130435,1,0.025825017212272,1
"affine",100,25,1,100094,0.98,1,0.98,0.8,1,1,1,0.0182929028871464,1
"affine",100,25,1,100095,0.99,0.888888888888889,0.88,0.9,1,0.935483870967742,0.867647058823529,0.0190541119005506,1
"affine",100,25,1,100096,0.98,0.969387755102041,0.95,0.8,1,1,0.961038961038961,0.0186454836251452,1
"affine",100,25,1,100097,0.98,0.918367346938776,0.9,0.8,1,0.939393939393939,0.907692307692308,0.0168703893052501,1
"affine",100,25,1,100098,0.98,1,0.98,0.8,1,1,1,0.0235637706132142,1
"affine",100,25,1,100099,0.98,0.989795918367347,0.97,0.8,1,1,0.986842105263158,0.0255339576248956,1
"affine",100,25,1,100100,0.98,1,0.98,0.8,1,1,1,0.0167218337630375,1
"affine",100,25,1,100101,0.98,1,0.98,0.8,1,1,1,0.0260578616529444,1
"affine",100,25,1,100102,0.98,0.836734693877551,0.82,0.8,1,0.935483870967742,0.791044776119403,0.0170947780787207,0.5
"affine",100,25,1,100103,0.98,0.918367346938776,0.9,0.8,1,0.846153846153846,0.944444444444444,0.0291475476209761,0.5
"affine",100,25,1,100104,0.98,0.989795918367347,0.97,0.8,1,1,0.985294117647059,0.0232071629936501,1
"affine",100,25,1,100105,0.97,0.927835051546392,0.9,0.7,1,0.9375,0.923076923076923,0.0183388838817847,0.5
"affine",100,25,1,100106,0.98,1,0.98,0.8,1,1,1,0.0131652130339097,1
"affine",100,25,1,100107,0.98,1,0.98,0.8,1,1,1,0.0309769696796607,1
"affine",100,25,1,100108,0.98,0.989795918367347,0.97,0.8,1,1,0.984375,0.0139539785745277,1
"affine",100,25,1,100109,0.99,0.95959595959596,0.95,0.9,1,1,0.942028985507246,0.0279311816707301,0.5
"affine",100,25,1,100110,0.98,1,0.98,0.8,1,1,1,0.0123541449577622,1
"affine",100,25,1,100111,0.97,0.927835051546392,0.9,0.7,1,0.970588235294118,0.904761904761905,0.0127396711060103,0.5
"affine",100,25,1,100112,0.98,1,0.98,0.8,1,1,1,0.0251792323022924,1
"affine",100,25,1,100113,0.98,1,0.98,0.8,1,1,1,0.0235327569313617,1
"affine",100,25,1,100114,0.99,0.98989898989899,0.98,0.9,1,1,0.984126984126984,0.0154193043036333,1
"affine",100,25,1,100115,0.98,0.979591836734694,0.96,0.8,1,1,0.971014492753623,0.0200091178034621,0.5
"affine",100,25,1,100116,0.98,1,0.98,0.8,1,1,1,0.0196697017694546,1
"affine",100,25,1,100117,0.98,0.959183673469388,0.94,0.8,1,1,0.942857142857143,0.0223072860640827,1
"affine",100,25,1,100118,0.98,0.816326530612245,0.8,0.8,1,0.848484848484849,0.8,0.0208030330568185,0.5
"affine",100,25,1,100119,0.98,0.959183673469388,0.94,0.8,1,0.961538461538462,0.958333333333333,0.0147249926718985,1
"affine",100,25,1,100120,0.98,0.989795918367347,0.97,0.8,1,1,0.983870967741935,0.0173377272373251,0
"affine",100,25,1,100121,0.98,0.969387755102041,0.95,0.8,1,0.967741935483871,0.970149253731343,0.017357369318267,1
"affine",100,25,1,100122,0.98,1,0.98,0.8,1,1,1,0.010883468564155,0.5
"affine",100,25,1,100123,0.98,1,0.98,0.8,1,1,1,0.01694991798354,1
"affine",100,25,1,100124,0.97,0.969072164948454,0.94,0.7,1,1,0.962025316455696,0.0207137051139727,1
"affine",100,25,1,100125,0.98,1,0.98,0.8,1,1,1,0.0215015914159591,1
"affine",100,25,1,100126,0.98,1,0.98,0.8,1,1,1,0.0159537834224966,1
"affine",100,25,1,100127,0.98,0.816326530612245,0.8,0.8,1,0.838709677419355,0.805970149253731,0.0205592190885347,0
"affine",100,25,1,100128,0.98,0.744897959183674,0.73,0.8,1,0.681818181818182,0.763157894736842,0.0228465587295163,0
"affine",100,25,1,100129,0.98,1,0.98,0.8,1,1,1,0.0248687959383217,1
"affine",100,25,1,100130,0.98,0.969387755102041,0.95,0.8,1,1,0.952380952380952,0.0217731526851224,1
"affine",100,25,1,100131,0.98,0.918367346938776,0.9,0.8,1,0.96969696969697,0.892307692307692,0.0134017563965444,1
"affine",100,25,1,100132,0.98,1,0.98,0.8,1,1,1,0.0242722604150907,1
"affine",100,25,1,100133,0.98,0.775510204081633,0.76,0.8,1,0.851851851851852,0.746478873239437,0.01870448279297,0.5
"affine",100,25,1,100134,0.98,0.928571428571429,0.91,0.8,1,0.96551724137931,0.91304347826087,0.0187378888757207,0.5
"affine",100,25,1,100135,0.98,0.979591836734694,0.96,0.8,1,0.972222222222222,0.983870967741935,0.0137493165620041,1
"affine",100,25,1,100136,0.98,0.581632653061224,0.57,0.8,1,0.631578947368421,0.569620253164557,0.0238739184134503,0
"affine",100,25,1,100137,0.98,1,0.98,0.8,1,1,1,0.0182811748242381,1
"affine",100,25,1,100138,0.99,1,0.99,0.9,1,1,1,0.0217018584265897,1
"affine",100,25,1,100139,0.98,0.989795918367347,0.97,0.8,1,1,0.986111111111111,0.0226435825090173,1
"affine",100,25,1,100140,0.98,0.979591836734694,0.96,0.8,1,1,0.973333333333333,0.0221502357900358,1
"affine",100,25,1,100141,0.98,1,0.98,0.8,1,1,1,0.0175187468995977,1
"affine",100,25,1,100142,0.98,0.73469387755102,0.72,0.8,1,0.909090909090909,0.646153846153846,0.0189682835133868,0
"affine",100,25,1,100143,0.98,0.785714285714286,0.77,0.8,1,0.933333333333333,0.720588235294118,0.0162545271472817,0.5
"affine",100,25,1,100144,0.98,1,0.98,0.8,1,1,1,0.0264424173115425,1
"affine",100,25,1,100145,0.99,0.98989898989899,0.98,0.9,1,1,0.985507246376812,0.022310470103024,1
"affine",100,25,1,100146,0.98,0.989795918367347,0.97,0.8,1,1,0.986301369863014,0.0295687204569239,0.5
"affine",100,25,1,100147,0.98,1,0.98,0.8,1,1,1,0.0145338505252208,1
"affine",100,25,1,100148,0.98,1,0.98,0.8,1,1,1,0.0163927951753358,0.5
"affine",100,25,1,100149,0.97,1,0.97,0.7,1,1,1,0.0182538054740744,1
"affine",100,25,1,100150,0.98,1,0.98,0.8,1,1,1,0.0207076837553268,0.5
"affine",100,25,1,100151,0.99,0.97979797979798,0.97,0.9,1,1,0.96875,0.0186174856618697,1
"affine",100,25,1,100152,0.99,0.97979797979798,0.97,0.9,1,1,0.974025974025974,0.0371740167743682,1
"affine",100,25,1,100153,0.98,0.979591836734694,0.96,0.8,1,0.96969696969697,0.984615384615385,0.0149950020234518,0.5
"affine",100,25,1,100154,0.98,0.846938775510204,0.83,0.8,1,1,0.791666666666667,0.0210498009621032,1
"affine",100,25,1,100155,0.98,1,0.98,0.8,1,1,1,0.0275419310270237,1
"affine",100,25,1,100156,0.99,1,0.99,0.9,1,1,1,0.0255870277399751,1
"affine",100,25,1,100157,0.97,1,0.97,0.7,1,1,1,0.014963899612417,1
"affine",100,25,1,100158,0.98,0.897959183673469,0.88,0.8,1,0.925925925925926,0.887323943661972,0.0255885737814878,1
"affine",100,25,1,100159,0.98,0.663265306122449,0.65,0.8,1,0.724137931034483,0.63768115942029,0.0126718870249015,0
"affine",100,25,1,100160,0.98,0.969387755102041,0.95,0.8,1,0.961538461538462,0.972222222222222,0.0152709817929235,1
"affine",100,25,1,100161,0.98,0.63265306122449,0.62,0.8,1,0.620689655172414,0.63768115942029,0.0152600504895312,0
"affine",100,25,1,100162,0.98,0.989795918367347,0.97,0.8,1,1,0.986111111111111,0.0235800096599914,0.5
"affine",100,25,1,100163,0.98,1,0.98,0.8,1,1,1,0.0217189603227455,1
"affine",100,25,1,100164,0.98,1,0.98,0.8,1,1,1,0.0233258322579963,1
"affine",100,25,1,100165,0.99,0.98989898989899,0.98,0.9,1,1,0.985507246376812,0.017603184651736,1
"affine",100,25,1,100166,0.98,0.959183673469388,0.94,0.8,1,0.866666666666667,1,0.0215095246515547,1
"affine",100,25,1,100167,0.98,1,0.98,0.8,1,1,1,0.0210578930774402,1
"affine",100,25,1,100168,0.98,0.908163265306122,0.89,0.8,1,1,0.8875,0.0258464803410793,0
"affine",100,25,1,100169,0.98,1,0.98,0.8,1,1,1,0.0269984109486722,1
"affine",100,25,1,100170,0.98,0.897959183673469,0.88,0.8,1,0.958333333333333,0.878378378378378,0.0264156429977297,0.5
"affine",100,25,1,100171,0.98,0.989795918367347,0.97,0.8,1,1,0.985714285714286,0.0158330005069757,0.5
"affine",100,25,1,100172,0.98,1,0.98,0.8,1,1,1,0.0158867316427661,1
"affine",100,25,1,100173,0.98,1,0.98,0.8,1,1,1,0.0237489494778347,1
"affine",100,25,1,100174,0.97,1,0.97,0.7,1,1,1,0.026675668317889,1
"affine",100,25,1,100175,0.98,0.979591836734694,0.96,0.8,1,1,0.973333333333333,0.0259344973791851,0.5
"affine",100,25,1,100176,0.99,0.686868686868687,0.68,0.9,1,0.740740740740741,0.666666666666667,0.0147413048920602,0
"affine",100,25,1,100177,0.98,0.857142857142857,0.84,0.8,1,0.84375,0.863636363636364,0.0158174062187243,1
"affine",100,25,1,100178,0.98,0.979591836734694,0.96,0.8,1,1,0.967213114754098,0.0152559602444081,1
"affine",100,25,1,100179,0.98,1,0.98,0.8,1,1,1,0.0208343223097849,1
"affine",100,25,1,100180,0.98,1,0.98,0.8,1,1,1,0.0184473443024585,1
"affine",100,25,1,100181,0.98,1,0.98,0.8,1,1,1,0.0182158647110294,1
"affine",100,25,1,100182,0.99,0.96969696969697,0.96,0.9,1,1,0.96,0.0202746756273402,1
"affine",100,25,1,100183,0.98,0.979591836734694,0.96,0.8,1,1,0.971428571428571,0.0181042693625572,1
"affine",100,25,1,100184,0.98,1,0.98,0.8,1,1,1,0.023671445439828,1
"affine",100,25,1,100185,0.98,1,0.98,0.8,1,1,1,0.0249132333871271,1
"affine",100,25,1,100186,0.97,0.505154639175258,0.49,0.7,1,0.576923076923077,0.47887323943662,0.0121142648344658,0.5
"affine",100,25,1,100187,0.98,0.918367346938776,0.9,0.8,1,0.923076923076923,0.916666666666667,0.0186235502624454,1
"affine",100,25,1,100188,0.98,1,0.98,0.8,1,1,1,0.0230784277489652,1
"affine",100,25,1,100189,0.99,0.97979797979798,0.97,0.9,1,1,0.974358974358974,0.0213696771117829,0.5
"affine",100,25,1,100190,0.98,1,0.98,0.8,1,1,1,0.0171294225315621,1
"affine",100,25,1,100191,0.98,1,0.98,0.8,1,1,1,0.0206725558650309,1
"affine",100,25,1,100192,0.98,1,0.98,0.8,1,1,1,0.0158895747633957,1
"affine",100,25,1,100193,0.99,0.929292929292929,0.92,0.9,1,0.96875,0.91044776119403,0.0197248252140181,1
"affine",100,25,1,100194,0.98,1,0.98,0.8,1,1,1,0.0218580865567644,1
"affine",100,25,1,100195,0.99,1,0.99,0.9,1,1,1,0.0216352566261221,1
"affine",100,25,1,100196,0.98,1,0.98,0.8,1,1,1,0.017791193891692,1
"affine",100,25,1,100197,0.99,1,0.99,0.9,1,1,1,0.0170688084320514,1
"affine",100,25,1,100198,0.98,1,0.98,0.8,1,1,1,0.015896054588369,1
"affine",100,25,1,100199,0.98,0.836734693877551,0.82,0.8,1,0.88,0.821917808219178,0.0178697657158579,0.5
"affine",100,25,1,100200,0.98,1,0.98,0.8,1,1,1,0.0300526175124567,1
"curved",100,25,1,1100001,0.98,0.724489795918367,0.71,0.8,1,0.741935483870968,0.716417910447761,0.0229362730040055,0.5
"curved",100,25,1,1100002,0.98,0.602040816326531,0.59,0.8,1,0.6875,0.560606060606061,0.0248251553068933,0
"curved",100,25,1,1100003,0.98,0.948979591836735,0.93,0.8,1,1,0.924242424242424,0.0323987063143704,1
"curved",100,25,1,1100004,0.98,0.816326530612245,0.8,0.8,1,0.818181818181818,0.815384615384615,0.0315991563163405,0.5
"curved",100,25,1,1100005,0.98,1,0.98,0.8,1,1,1,0.0309684525605076,1
"curved",100,25,1,1100006,0.98,0.581632653061224,0.57,0.8,1,0.806451612903226,0.477611940298507,0.0234483207210046,0
"curved",100,25,1,1100007,0.99,0.858585858585859,0.85,0.9,1,0.884615384615385,0.849315068493151,0.0394593349291118,1
"curved",100,25,1,1100008,0.98,0.857142857142857,0.84,0.8,1,0.931034482758621,0.826086956521739,0.028281828911589,0
"curved",100,25,1,1100009,0.98,0.846938775510204,0.83,0.8,1,0.75,0.893939393939394,0.0301233461043071,0
"curved",100,25,1,1100010,0.98,0.959183673469388,0.94,0.8,1,1,0.933333333333333,0.0259287038326128,1
"curved",100,25,1,1100011,0.98,0.989795918367347,0.97,0.8,1,1,0.986842105263158,0.0330579254205386,0.5
"curved",100,25,1,1100012,0.98,0.918367346938776,0.9,0.8,1,0.916666666666667,0.919354838709677,0.0241756433101279,1
"curved",100,25,1,1100013,0.98,0.581632653061224,0.57,0.8,1,0.68,0.547945205479452,0.0338314523273162,0.5
"curved",100,25,1,1100014,0.98,0.826530612244898,0.81,0.8,1,0.848484848484849,0.815384615384615,0.0295744432616593,1
"curved",100,25,1,1100015,0.98,0.540816326530612,0.53,0.8,1,0.75,0.472972972972973,0.0293999035550662,0
"curved",100,25,1,1100016,0.99,0.818181818181818,0.81,0.9,1,0.733333333333333,0.855072463768116,0.0289309953047414,0.5
"curved",100,25,1,1100017,0.98,0.887755102040816,0.87,0.8,1,0.871794871794872,0.898305084745763,0.0268444805706408,0.5
"curved",100,25,1,1100018,0.98,1,0.98,0.8,1,1,1,0.0307581311340173,1
"curved",100,25,1,1100019,0.98,0.806122448979592,0.79,0.8,1,0.833333333333333,0.794117647058823,0.0284020887147983,0
"curved",100,25,1,1100020,0.98,0.714285714285714,0.7,0.8,1,0.714285714285714,0.714285714285714,0.0332681274536725,0.5
"curved",100,25,1,1100021,0.98,0.857142857142857,0.84,0.8,1,0.935483870967742,0.82089552238806,0.0342922409896574,0.5
"curved",100,25,1,1100022,0.98,0.612244897959184,0.6,0.8,1,0.652173913043478,0.6,0.0326687330888769,0
"curved",100,25,1,1100023,0.98,0.561224489795918,0.55,0.8,1,0.529411764705882,0.578125,0.027305175396387,0
"curved",100,25,1,1100024,0.98,0.448979591836735,0.44,0.8,1,0.739130434782609,0.36,0.0321721313436688,0
"curved",100,25,1,1100025,0.98,0.775510204081633,0.76,0.8,1,0.838709677419355,0.746268656716418,0.0333237210570361,0.5
"curved",100,25,1,1100026,0.99,0.505050505050505,0.5,0.9,1,0.666666666666667,0.434782608695652,0.0276299533534879,0.5
"curved",100,25,1,1100027,0.98,0.877551020408163,0.86,0.8,1,0.962962962962963,0.845070422535211,0.0324649048460804,0.5
"curved",100,25,1,1100028,0.98,0.673469387755102,0.66,0.8,1,0.571428571428571,0.701298701298701,0.0308202944066679,0.5
"curved",100,25,1,1100029,0.99,0.858585858585859,0.85,0.9,1,0.864864864864865,0.854838709677419,0.0303496506516517,1
"curved",100,25,1,1100030,0.98,0.775510204081633,0.76,0.8,1,0.75,0.790322580645161,0.0265109579088741,1
"curved",100,25,1,1100031,0.98,0.948979591836735,0.93,0.8,1,1,0.925373134328358,0.0286005770208567,1
"curved",100,25,1,1100032,0.98,0.938775510204082,0.92,0.8,1,0.933333333333333,0.941176470588235,0.0295069301914634,1
"curved",100,25,1,1100033,0.99,0.838383838383838,0.83,0.9,1,0.848484848484849,0.833333333333333,0.0277350609161487,0.5
"curved",100,25,1,1100034,0.98,0.673469387755102,0.66,0.8,1,0.766666666666667,0.632352941176471,0.029880456785099,0
"curved",100,25,1,1100035,0.98,0.551020408163265,0.54,0.8,1,0.638888888888889,0.5,0.0217302091717005,0
"curved",100,25,1,1100036,0.98,0.969387755102041,0.95,0.8,1,0.970588235294118,0.96875,0.0289915165153611,1
"curved",100,25,1,1100037,0.98,0.755102040816326,0.74,0.8,1,0.821428571428571,0.728571428571429,0.0310631551798548,0.5
"curved",100,25,1,1100038,0.99,0.96969696969697,0.96,0.9,1,1,0.955882352941177,0.0327106572340363,1
"curved",100,25,1,1100039,0.98,0.530612244897959,0.52,0.8,1,0.586206896551724,0.507246376811594,0.0263033634373458,0
"curved",100,25,1,1100040,0.97,0.896907216494845,0.87,0.7,1,0.903225806451613,0.893939393939394,0.0355150207444179,0
"curved",100,25,1,1100041,0.98,0.76530612244898,0.75,0.8,1,0.818181818181818,0.75,0.036070038071624,0
"curved",100,25,1,1100042,0.99,0.767676767676768,0.76,0.9,1,0.88,0.72972972972973,0.0342297663975637,1
"curved",100,25,1,1100043,0.98,0.581632653061224,0.57,0.8,1,0.710526315789474,0.5,0.0232188561110351,0.5
"curved",100,25,1,1100044,0.98,0.887755102040816,0.87,0.8,1,0.96551724137931,0.855072463768116,0.0294071387065327,0
"curved",100,25,1,1100045,0.98,0.836734693877551,0.82,0.8,1,0.852941176470588,0.828125,0.0347082714047529,0.5
"curved",100,25,1,1100046,0.98,0.785714285714286,0.77,0.8,1,0.72,0.808219178082192,0.0300895269383411,0.5
"curved",100,25,1,1100047,0.98,0.744897959183674,0.73,0.8,1,0.884615384615385,0.694444444444444,0.0251248562038495,1
"curved",100,25,1,1100048,0.99,0.898989898989899,0.89,0.9,1,0.931034482758621,0.885714285714286,0.029249551885028,1
"curved",100,25,1,1100049,0.98,0.428571428571429,0.42,0.8,1,0.5,0.379310344827586,0.0198453262237182,0
"curved",100,25,1,1100050,0.98,0.836734693877551,0.82,0.8,1,0.8,0.852941176470588,0.0284636979161985,1
"curved",100,25,1,1100051,0.98,0.918367346938776,0.9,0.8,1,1,0.89041095890411,0.0290190509898096,0.5
"curved",100,25,1,1100052,0.98,0.377551020408163,0.37,0.8,1,0.576923076923077,0.305555555555556,0.0255832489673373,0.5
"curved",100,25,1,1100053,0.99,0.757575757575758,0.75,0.9,1,0.8,0.743243243243243,0.0362767759845699,0
"curved",100,25,1,1100054,0.98,0.581632653061224,0.57,0.8,1,0.6,0.573529411764706,0.0252971537237169,0.5
"curved",100,25,1,1100055,0.98,0.755102040816326,0.74,0.8,1,0.962962962962963,0.676056338028169,0.028594792485897,0.5
"curved",100,25,1,1100056,0.98,1,0.98,0.8,1,1,1,0.0313538749061635,1
"curved",100,25,1,1100057,0.98,0.877551020408163,0.86,0.8,1,0.92,0.863013698630137,0.0255872675463746,1
"curved",100,25,1,1100058,0.98,0.561224489795918,0.55,0.8,1,0.411764705882353,0.640625,0.0246472794361384,0.5
"curved",100,25,1,1100059,0.98,0.612244897959184,0.6,0.8,1,0.642857142857143,0.6,0.0307285659175747,0.5
"curved",100,25,1,1100060,0.98,0.653061224489796,0.64,0.8,1,0.724137931034483,0.623188405797101,0.0255737947965998,0.5
"curved",100,25,1,1100061,0.98,0.836734693877551,0.82,0.8,1,0.8,0.852941176470588,0.0264613982251967,0.5
"curved",100,25,1,1100062,0.98,0.581632653061224,0.57,0.8,1,0.642857142857143,0.535714285714286,0.020052102025398,0
"curved",100,25,1,1100063,0.98,0.76530612244898,0.75,0.8,1,0.848484848484849,0.723076923076923,0.0246674113258392,0.5
"curved",100,25,1,1100064,0.98,0.642857142857143,0.63,0.8,1,0.612903225806452,0.656716417910448,0.0245307717705778,0
"curved",100,25,1,1100065,0.98,0.989795918367347,0.97,0.8,1,1,0.985915492957746,0.0301364217383355,1
"curved",100,25,1,1100066,0.98,0.448979591836735,0.44,0.8,1,0.5,0.430555555555556,0.0311018846387838,1
"curved",100,25,1,1100067,0.98,0.806122448979592,0.79,0.8,1,1,0.746666666666667,0.0320160120465872,1
"curved",100,25,1,1100068,0.98,0.806122448979592,0.79,0.8,1,0.846153846153846,0.791666666666667,0.0250120025994188,0
"curved",100,25,1,1100069,0.98,0.846938775510204,0.83,0.8,1,0.941176470588235,0.796875,0.0268958746134338,0.5
"curved",100,25,1,1100070,0.98,0.826530612244898,0.81,0.8,1,0.96,0.780821917808219,0.0335057599832858,1
"curved",100,25,1,1100071,0.98,0.857142857142857,0.84,0.8,1,0.916666666666667,0.82258064516129,0.0254925019585344,1
"curved",100,25,1,1100072,0.98,0.704081632653061,0.69,0.8,1,0.96551724137931,0.594202898550725,0.0323090366244534,1
"curved",100,25,1,1100073,0.98,0.806122448979592,0.79,0.8,1,0.878787878787879,0.769230769230769,0.0271293092753789,1
"curved",100,25,1,1100074,0.98,0.816326530612245,0.8,0.8,1,0.928571428571429,0.771428571428571,0.0271543311307364,1
"curved",100,25,1,1100075,0.98,0.744897959183674,0.73,0.8,1,0.823529411764706,0.703125,0.0237577402575789,0
"curved",100,25,1,1100076,0.98,0.795918367346939,0.78,0.8,1,0.878787878787879,0.753846153846154,0.0260358391997861,0.5
"curved",100,25,1,1100077,0.98,0.887755102040816,0.87,0.8,1,1,0.851351351351351,0.0335241497256047,0.5
"curved",100,25,1,1100078,0.98,0.795918367346939,0.78,0.8,1,0.833333333333333,0.779411764705882,0.0303586510381154,0.5
"curved",100,25,1,1100079,0.98,0.989795918367347,0.97,0.8,1,1,0.983606557377049,0.0230161669915242,1
"curved",100,25,1,1100080,0.98,0.622448979591837,0.61,0.8,1,0.676470588235294,0.59375,0.0305233794226459,0.5
"curved",100,25,1,1100081,0.98,0.836734693877551,0.82,0.8,1,0.954545454545455,0.802631578947368,0.0365107840733269,0.5
"curved",100,25,1,1100082,0.98,0.857142857142857,0.84,0.8,1,0.862068965517241,0.855072463768116,0.0276405529940875,1
"curved",100,25,1,1100083,0.98,0.755102040816326,0.74,0.8,1,0.814814814814815,0.732394366197183,0.031146053169994,0.5
"curved",100,25,1,1100084,0.98,0.816326530612245,0.8,0.8,1,0.931034482758621,0.768115942028985,0.0305526568016976,0
"curved",100,25,1,1100085,0.98,0.683673469387755,0.67,0.8,1,0.85,0.568965517241379,0.0200836000734124,0
"curved",100,25,1,1100086,0.97,0.804123711340206,0.78,0.7,1,0.821428571428571,0.797101449275362,0.0262431143026762,1
"curved",100,25,1,1100087,0.98,0.704081632653061,0.69,0.8,1,0.740740740740741,0.690140845070423,0.0292102854974774,0.5
"curved",100,25,1,1100088,0.98,0.857142857142857,0.84,0.8,1,0.827586206896552,0.869565217391304,0.0322029498164298,0
"curved",100,25,1,1100089,0.97,0.711340206185567,0.69,0.7,1,0.793103448275862,0.676470588235294,0.0291361509282279,0
"curved",100,25,1,1100090,0.98,0.887755102040816,0.87,0.8,1,0.878787878787879,0.892307692307692,0.0271704433588433,0
"curved",100,25,1,1100091,0.97,0.958762886597938,0.93,0.7,1,0.931034482758621,0.970588235294118,0.0405710659869256,1
"curved",100,25,1,1100092,0.98,0.806122448979592,0.79,0.8,1,0.868421052631579,0.766666666666667,0.0229349969587302,0.5
"curved",100,25,1,1100093,0.98,0.510204081632653,0.5,0.8,1,0.625,0.472972972972973,0.0297189808189099,0
"curved",100,25,1,1100094,0.98,0.540816326530612,0.53,0.8,1,0.642857142857143,0.5,0.0320538133660904,0
"curved",100,25,1,1100095,0.98,0.989795918367347,0.97,0.8,1,1,0.985714285714286,0.0337292180624785,0.5
"curved",100,25,1,1100096,0.98,0.918367346938776,0.9,0.8,1,1,0.870967741935484,0.0266306347341225,1
"curved",100,25,1,1100097,0.98,0.795918367346939,0.78,0.8,1,0.958333333333333,0.743243243243243,0.0266880578793229,0.5
"curved",100,25,1,1100098,0.98,0.887755102040816,0.87,0.8,1,0.941176470588235,0.859375,0.0254124706965176,1
"curved",100,25,1,1100099,0.99,0.98989898989899,0.98,0.9,1,0.966666666666667,1,0.0310695147042666,1
"curved",100,25,1,1100100,0.98,0.826530612244898,0.81,0.8,1,0.869565217391304,0.813333333333333,0.0339321677324547,1
"curved",100,25,1,1100101,0.97,0.525773195876289,0.51,0.7,1,0.695652173913043,0.472972972972973,0.0332149654571376,0
"curved",100,25,1,1100102,0.98,0.693877551020408,0.68,0.8,1,0.769230769230769,0.666666666666667,0.0326968600338178,1
"curved",100,25,1,1100103,0.99,0.757575757575758,0.75,0.9,1,0.848484848484849,0.712121212121212,0.0258345610263664,0
"curved",100,25,1,1100104,0.98,0.642857142857143,0.63,0.8,1,0.787878787878788,0.569230769230769,0.0265153890195212,0
"curved",100,25,1,1100105,0.98,0.785714285714286,0.77,0.8,1,0.827586206896552,0.768115942028985,0.0282542984009636,1
"curved",100,25,1,1100106,0.98,1,0.98,0.8,1,1,1,0.0323440053910158,1
"curved",100,25,1,1100107,0.98,0.510204081632653,0.5,0.8,1,0.75,0.432432432432432,0.0303865104227938,0
"curved",100,25,1,1100108,0.98,0.622448979591837,0.61,0.8,1,0.75,0.53448275862069,0.0248851888914014,0
"curved",100,25,1,1100109,0.98,0.857142857142857,0.84,0.8,1,0.91304347826087,0.84,0.0312594335644365,0
"curved",100,25,1,1100110,0.98,0.428571428571429,0.42,0.8,1,0.447368421052632,0.416666666666667,0.0215687333098265,0
"curved",100,25,1,1100111,0.99,0.696969696969697,0.69,0.9,1,0.714285714285714,0.690140845070423,0.0314528670716803,0
"curved",100,25,1,1100112,0.99,0.868686868686869,0.86,0.9,1,0.888888888888889,0.861111111111111,0.0277055995177227,1
"curved",100,25,1,1100113,0.98,0.897959183673469,0.88,0.8,1,0.941176470588235,0.875,0.0231426297662314,0
"curved",100,25,1,1100114,0.98,0.795918367346939,0.78,0.8,1,0.911764705882353,0.734375,0.0242973292904661,1
"curved",100,25,1,1100115,0.98,0.897959183673469,0.88,0.8,1,0.870967741935484,0.91044776119403,0.0378045414548041,1
"curved",100,25,1,1100116,0.98,0.76530612244898,0.75,0.8,1,0.827586206896552,0.739130434782609,0.0300120765474426,0
"curved",100,25,1,1100117,0.98,0.785714285714286,0.77,0.8,1,0.868421052631579,0.733333333333333,0.0203715242425752,0.5
"curved",100,25,1,1100118,0.99,0.696969696969697,0.69,0.9,1,0.703703703703704,0.694444444444444,0.0328179370679281,0.5
"curved",100,25,1,1100119,0.98,0.938775510204082,0.92,0.8,1,0.96969696969697,0.923076923076923,0.0300943911015404,1
"curved",100,25,1,1100120,0.98,0.642857142857143,0.63,0.8,1,0.761904761904762,0.61038961038961,0.0310791336186409,0
"curved",100,25,1,1100121,0.98,0.816326530612245,0.8,0.8,1,0.870967741935484,0.791044776119403,0.0247350561380128,0
"curved",100,25,1,1100122,0.98,0.857142857142857,0.84,0.8,1,0.833333333333333,0.864864864864865,0.0271897110228536,0.5
"curved",100,25,1,1100123,0.98,0.510204081632653,0.5,0.8,1,0.5625,0.484848484848485,0.0269840534180051,1
"curved",100,25,1,1100124,0.98,0.918367346938776,0.9,0.8,1,0.964285714285714,0.9,0.0284031460029022,1
"curved",100,25,1,1100125,0.98,0.877551020408163,0.86,0.8,1,0.944444444444444,0.838709677419355,0.0232753879187265,0
"curved",100,25,1,1100126,0.98,0.581632653061224,0.57,0.8,1,0.684210526315789,0.556962025316456,0.032249661585512,0
"curved",100,25,1,1100127,0.98,0.744897959183674,0.73,0.8,1,0.848484848484849,0.692307692307692,0.023756574939041,0
"curved",100,25,1,1100128,0.98,0.551020408163265,0.54,0.8,1,0.625,0.515151515151515,0.0293921175096017,0.5
"curved",100,25,1,1100129,0.98,0.86734693877551,0.85,0.8,1,0.891891891891892,0.852459016393443,0.0295765691892166,0
"curved",100,25,1,1100130,0.98,0.938775510204082,0.92,0.8,1,0.90625,0.954545454545455,0.0248248901092684,1
"curved",100,25,1,1100131,0.98,0.653061224489796,0.64,0.8,1,0.730769230769231,0.625,0.0311506575205271,0.5
"curved",100,25,1,1100132,0.98,0.673469387755102,0.66,0.8,1,0.666666666666667,0.676470588235294,0.0234615030376419,0
"curved",100,25,1,1100133,0.98,0.755102040816326,0.74,0.8,1,0.852941176470588,0.703125,0.0251066274387782,0
"curved",100,25,1,1100134,0.98,0.397959183673469,0.39,0.8,1,0.518518518518518,0.352112676056338,0.0261585444900163,0
"curved",100,25,1,1100135,0.98,1,0.98,0.8,1,1,1,0.0375744983967385,1
"curved",100,25,1,1100136,0.98,1,0.98,0.8,1,1,1,0.03515928748376,1
"curved",100,25,1,1100137,0.98,0.673469387755102,0.66,0.8,1,0.638888888888889,0.693548387096774,0.0275589675004036,0.5
"curved",100,25,1,1100138,0.98,0.86734693877551,0.85,0.8,1,0.966666666666667,0.823529411764706,0.0305605727309417,1
"curved",100,25,1,1100139,0.98,0.346938775510204,0.34,0.8,1,0.346153846153846,0.347222222222222,0.0293767427131819,0
"curved",100,25,1,1100140,0.98,0.571428571428571,0.56,0.8,1,0.653846153846154,0.541666666666667,0.0293364284817567,0.5
"curved",100,25,1,1100141,0.98,0.918367346938776,0.9,0.8,1,0.91304347826087,0.92,0.0389515779742817,1
"curved",100,25,1,1100142,0.98,0.642857142857143,0.63,0.8,1,0.869565217391304,0.573333333333333,0.0339531971520945,0
"curved",100,25,1,1100143,0.97,0.680412371134021,0.66,0.7,1,0.789473684210526,0.653846153846154,0.0298978455136329,0.5
"curved",100,25,1,1100144,0.99,0.878787878787879,0.87,0.9,1,0.90625,0.865671641791045,0.0239828046617611,1
"curved",100,25,1,1100145,0.98,0.846938775510204,0.83,0.8,1,0.91304347826087,0.826666666666667,0.0345769401777769,0.5
"curved",100,25,1,1100146,0.99,0.686868686868687,0.68,0.9,1,0.7,0.681159420289855,0.0283859102858828,0
"curved",100,25,1,1100147,0.97,1,0.97,0.7,1,1,1,0.0385471399342908,1
"curved",100,25,1,1100148,0.99,0.97979797979798,0.97,0.9,1,1,0.96969696969697,0.0296123786581717,0.5
"curved",100,25,1,1100149,0.98,0.5,0.49,0.8,1,0.592592592592593,0.464788732394366,0.0276354905488116,0
"curved",100,25,1,1100150,0.98,0.948979591836735,0.93,0.8,1,0.91304347826087,0.96,0.0314185789167335,1
"curved",100,25,1,1100151,0.98,0.5,0.49,0.8,1,0.714285714285714,0.441558441558442,0.028220105211219,0
"curved",100,25,1,1100152,0.98,1,0.98,0.8,1,1,1,0.028592375547787,1
"curved",100,25,1,1100153,0.98,0.877551020408163,0.86,0.8,1,0.923076923076923,0.861111111111111,0.0304135408759764,0
"curved",100,25,1,1100154,0.98,0.857142857142857,0.84,0.8,1,0.892857142857143,0.842857142857143,0.0256044320794628,1
"curved",100,25,1,1100155,0.98,1,0.98,0.8,1,1,1,0.0271459599203644,1
"curved",100,25,1,1100156,0.97,0.958762886597938,0.93,0.7,1,0.967741935483871,0.954545454545455,0.0300120430031947,1
"curved",100,25,1,1100157,0.98,0.877551020408163,0.86,0.8,1,0.9,0.867647058823529,0.0284452915904245,1
"curved",100,25,1,1100158,0.98,0.530612244897959,0.52,0.8,1,0.703703703703704,0.464788732394366,0.0267923392591645,0
"curved",100,25,1,1100159,0.98,0.806122448979592,0.79,0.8,1,0.764705882352941,0.828125,0.0243654425861227,0.5
"curved",100,25,1,1100160,0.98,0.857142857142857,0.84,0.8,1,0.961538461538462,0.819444444444444,0.0330240291605131,1
"curved",100,25,1,1100161,0.98,0.816326530612245,0.8,0.8,1,0.884615384615385,0.791666666666667,0.0321096039698057,0
"curved",100,25,1,1100162,0.97,0.711340206185567,0.69,0.7,1,0.7,0.716417910447761,0.0262875599136803,1
"curved",100,25,1,1100163,0.98,0.877551020408163,0.86,0.8,1,0.921052631578947,0.85,0.0219947960798116,0.5
"curved",100,25,1,1100164,0.98,0.775510204081633,0.76,0.8,1,0.903225806451613,0.716417910447761,0.0277333277255399,0
"curved",100,25,1,1100165,0.98,0.836734693877551,0.82,0.8,1,0.818181818181818,0.846153846153846,0.0284015640154701,1
"curved",100,25,1,1100166,0.97,0.896907216494845,0.87,0.7,1,0.966666666666667,0.865671641791045,0.027883488970893,0.5
"curved",100,25,1,1100167,0.97,0.958762886597938,0.93,0.7,1,0.958333333333333,0.958904109589041,0.0329809917320666,0.5
"curved",100,25,1,1100168,0.98,0.928571428571429,0.91,0.8,1,0.967741935483871,0.91044776119403,0.0350816052287203,0
"curved",100,25,1,1100169,0.98,0.520408163265306,0.51,0.8,1,0.625,0.46969696969697,0.0261768631826729,0.5
"curved",100,25,1,1100170,0.98,0.887755102040816,0.87,0.8,1,0.903225806451613,0.880597014925373,0.0324282757703814,1
"curved",100,25,1,1100171,0.98,0.785714285714286,0.77,0.8,1,0.916666666666667,0.743243243243243,0.0292142120154067,0
"curved",100,25,1,1100172,0.98,0.591836734693878,0.58,0.8,1,0.678571428571429,0.557142857142857,0.0311345631229011,0
"curved",100,25,1,1100173,0.98,0.744897959183674,0.73,0.8,1,0.863636363636364,0.710526315789474,0.0337027915408791,0
"curved",100,25,1,1100174,0.98,0.816326530612245,0.8,0.8,1,0.954545454545455,0.776315789473684,0.0292267547747725,1
"curved",100,25,1,1100175,0.98,0.86734693877551,0.85,0.8,1,0.833333333333333,0.887096774193548,0.0279662637499746,0.5
"curved",100,25,1,1100176,0.98,0.642857142857143,0.63,0.8,1,0.714285714285714,0.614285714285714,0.0317845281382495,0.5
"curved",100,25,1,1100177,0.98,0.448979591836735,0.44,0.8,1,0.68,0.36986301369863,0.0290772262989522,0
"curved",100,25,1,1100178,0.98,0.846938775510204,0.83,0.8,1,0.857142857142857,0.841269841269841,0.0227952540217729,1
"curved",100,25,1,1100179,0.98,0.602040816326531,0.59,0.8,1,0.555555555555556,0.619718309859155,0.0348925457271285,0.5
"curved",100,25,1,1100180,0.98,0.948979591836735,0.93,0.8,1,1,0.925373134328358,0.0310959567079662,1
"curved",100,25,1,1100181,0.98,0.785714285714286,0.77,0.8,1,0.896551724137931,0.739130434782609,0.0306007087814183,1
"curved",100,25,1,1100182,0.98,0.612244897959184,0.6,0.8,1,0.514285714285714,0.666666666666667,0.0271754335309877,0.5
"curved",100,25,1,1100183,0.98,0.826530612244898,0.81,0.8,1,0.869565217391304,0.813333333333333,0.0305870977014826,0
"curved",100,25,1,1100184,0.98,0.938775510204082,0.92,0.8,1,0.962962962962963,0.929577464788732,0.0272752970052649,0
"curved",100,25,1,1100185,0.98,0.591836734693878,0.58,0.8,1,0.7,0.544117647058823,0.0304417709981777,0
"curved",100,25,1,1100186,0.98,0.724489795918367,0.71,0.8,1,0.8,0.691176470588235,0.0297732004204559,0
"curved",100,25,1,1100187,0.99,0.757575757575758,0.75,0.9,1,0.807692307692308,0.73972602739726,0.0301873123852845,1
"curved",100,25,1,1100188,0.98,0.76530612244898,0.75,0.8,1,0.952380952380952,0.714285714285714,0.0361339345660381,0
"curved",100,25,1,1100189,0.98,0.76530612244898,0.75,0.8,1,0.735294117647059,0.78125,0.0259474053225321,0.5
"curved",100,25,1,1100190,0.98,0.622448979591837,0.61,0.8,1,0.5625,0.651515151515151,0.0299581877580025,0.5
"curved",100,25,1,1100191,0.98,0.857142857142857,0.84,0.8,1,0.896551724137931,0.840579710144927,0.0311035372845186,0.5
"curved",100,25,1,1100192,0.99,0.626262626262626,0.62,0.9,1,0.62962962962963,0.625,0.0260766473255394,0.5
"curved",100,25,1,1100193,0.98,0.775510204081633,0.76,0.8,1,0.758620689655172,0.782608695652174,0.0267814142766816,0.5
"curved",100,25,1,1100194,0.98,0.877551020408163,0.86,0.8,1,0.884615384615385,0.875,0.035324946699096,1
"curved",100,25,1,1100195,0.99,0.898989898989899,0.89,0.9,1,0.903225806451613,0.897058823529412,0.0309624399792767,1
"curved",100,25,1,1100196,0.98,0.744897959183674,0.73,0.8,1,0.821428571428571,0.714285714285714,0.0366321391619491,1
"curved",100,25,1,1100197,0.98,0.969387755102041,0.95,0.8,1,0.970588235294118,0.96875,0.0270790378806466,1
"curved",100,25,1,1100198,0.98,1,0.98,0.8,1,1,1,0.0306772440553447,1
"curved",100,25,1,1100199,0.99,0.818181818181818,0.81,0.9,1,0.852941176470588,0.8,0.0226536610367691,0.5
"curved",100,25,1,1100200,0.98,0.826530612244898,0.81,0.8,1,0.90625,0.787878787878788,0.0341613987789129,0.5
